ID_Venda,Produto,Filial,Data_Venda,Quantidade,Pre√ßo_Unitario,Desconto (%),Total_Venda
1,Produto D,Filial Oeste,2025-02-13,16,65.98356061338944,12.384780641071632,924.9862619560419
2,Produto E,Filial Oeste,2025-02-18,10,99.31980604373011,6.6421956661624915,927.2279019105248
3,Produto C,Filial Oeste,2025-03-16,13,44.769085576881935,18.56203671019573,473.9674092046682
4,Produto E,Filial Oeste,2025-03-02,6,61.6457128694062,16.897246549792655,307.3757086709123
5,Produto E,Filial Oeste,2025-03-08,12,47.40435063166019,4.479650917301623,543.3696144449779
6,Produto B,Filial Norte,2025-01-06,9,86.25445009496734,4.782850908690463,739.161255103328
7,Produto C,Filial Oeste,2025-01-09,13,91.20127631160143,10.246006937741612,1064.138233774276
8,Produto C,Filial Norte,2025-01-06,4,88.9620050984734,15.471442034614407,300.7932001873295
9,Produto C,Filial Oeste,2025-03-14,11,97.69350148113318,0.8808075877692878,1065.1631067806286
10,Produto E,Filial Leste,2025-02-01,18,12.476726662637375,13.866703074694133,193.43908841198862
11,Produto D,Filial Sul,2025-02-10,11,85.58345459309778,12.96471794764194,819.365812047799
12,Produto C,Filial Norte,2025-03-17,4,77.6594955735184,4.629601918259764,296.25668030694374
13,Produto E,Filial Oeste,2025-01-08,18,30.582496846032832,13.627060264826977,475.47002826603233
14,Produto B,Filial Leste,2025-03-13,1,96.06880840487747,18.803663825041653,78.00435263170095
15,Produto D,Filial Sul,2025-02-19,7,23.33601354069509,0.9357168994353704,161.823581628382
16,Produto B,Filial Norte,2025-03-03,6,71.15949344205175,6.393041105841251,399.66142665355784
17,Produto D,Filial Sul,2025-03-25,15,30.240119513432123,8.763534333327105,413.85024386150025
18,Produto E,Filial Leste,2025-03-03,18,48.82425838966672,17.98520717849379,720.7760585685965
19,Produto A,Filial Norte,2025-01-07,11,74.7243907250112,19.245228932183135,663.7786172798416
20,Produto D,Filial Sul,2025-03-16,15,60.6992177829742,8.882304929926645,829.6159225411526
21,Produto B,Filial Oeste,2025-03-25,16,48.47516481953005,15.000568242843823,659.2578342391267
22,Produto E,Filial Norte,2025-03-21,7,39.370458783878846,10.63322047528966,246.28877769479172
23,Produto D,Filial Sul,2025-01-04,10,85.56936901379113,10.755658694827531,763.6581973535025
24,Produto A,Filial Leste,2025-01-06,12,22.943291528333233,5.561990301327128,260.0062545446656
25,Produto A,Filial Leste,2025-02-27,14,48.709258887682005,4.339124917277591,652.3398461757149
26,Produto C,Filial Norte,2025-01-22,5,91.3381814597628,5.7601069184808225,430.3850227514221
27,Produto C,Filial Sul,2025-01-26,18,86.1264595413971,11.126560145141585,1377.7838499535653
28,Produto B,Filial Norte,2025-01-03,5,46.0847586225742,0.5831037204417799,229.08018340244678
29,Produto D,Filial Norte,2025-02-10,3,78.67975272411775,18.144978887128115,193.20998461164592
30,Produto D,Filial Sul,2025-03-01,5,84.08447476379733,3.1256741909955243,407.2813401873559
31,Produto C,Filial Sul,2025-01-14,17,89.99986816032667,4.401773537427731,1462.6507222587347
32,Produto D,Filial Oeste,2025-03-16,19,59.00551921443052,10.365523528952927,1004.8964765006799
33,Produto D,Filial Sul,2025-03-23,19,28.40147974492406,14.202295326745586,462.98853657329823
34,Produto A,Filial Leste,2025-01-12,12,32.977816885353846,1.914581094887946,388.1571580531212
35,Produto C,Filial Norte,2025-03-28,9,36.61252066374438,6.3538939509432435,308.57579935202585
36,Produto E,Filial Norte,2025-01-12,1,63.4422232728654,19.373492111487142,51.15124915174476
37,Produto C,Filial Leste,2025-01-13,18,12.95286617157476,5.246859335618915,220.91845506518277
38,Produto E,Filial Sul,2025-01-25,4,67.24382219019714,6.261002901262938,252.1347381277952
39,Produto A,Filial Leste,2025-02-14,10,42.79188145854088,16.72996981236067,356.32812608385825
40,Produto B,Filial Leste,2025-01-19,7,36.5717622240678,1.004288633809105,253.43133321007454
41,Produto D,Filial Oeste,2025-02-24,1,89.15469136553138,9.292263376179417,80.87020263162631
42,Produto A,Filial Leste,2025-02-14,17,51.4002156022719,7.5923352890334055,807.461561205843
43,Produto D,Filial Norte,2025-01-08,2,18.55477409794235,6.331735198173023,34.75986987088288
44,Produto B,Filial Leste,2025-02-22,11,84.40720912236223,5.713991880895291,875.4260685084217
45,Produto B,Filial Norte,2025-02-24,9,14.287713169285594,1.827482097208184,126.23946992114799
46,Produto A,Filial Norte,2025-02-01,7,75.4074301751377,6.2965165870329765,494.61572178413394
47,Produto B,Filial Norte,2025-02-20,17,79.65155995935986,0.8610480543133714,1342.4172697856923
48,Produto E,Filial Sul,2025-02-13,17,41.73423453359723,15.619277272888706,598.6660283093091
49,Produto B,Filial Oeste,2025-03-23,2,84.2309070650008,7.964555879160233,155.0445788085706
50,Produto D,Filial Norte,2025-03-11,6,56.40934652708081,8.878076646398231,308.40768904004517
51,Produto D,Filial Norte,2025-01-18,14,51.696428794551714,17.87189172900263,594.4021861767989
52,Produto D,Filial Sul,2025-03-24,6,14.08629533218233,13.161099677224415,73.39430377611362
53,Produto D,Filial Norte,2025-01-22,2,36.10262742840153,0.16118206684239578,72.08887293465605
54,Produto E,Filial Leste,2025-02-06,1,93.79089737967698,18.8634964592257,76.0986547733856
55,Produto C,Filial Leste,2025-02-25,10,45.264156695515,4.742889319554225,431.1732784201713
56,Produto A,Filial Oeste,2025-02-28,5,59.203046850109146,2.152283695197177,289.6441466284715
57,Produto D,Filial Norte,2025-01-03,2,57.88195110858266,15.362563567617645,97.97959915069856
58,Produto B,Filial Sul,2025-01-28,16,63.1387980840424,10.009546317334364,909.1022535297913
59,Produto D,Filial Leste,2025-03-15,2,15.519786007895435,8.67541132036035,28.346761471341548
60,Produto B,Filial Sul,2025-02-04,10,42.59586293188555,4.990061593654835,404.70303135235673
61,Produto B,Filial Sul,2025-03-02,2,75.08154464942987,10.949429797246372,133.7210872547047
62,Produto D,Filial Leste,2025-02-23,16,28.050422596568463,5.4876921040517495,424.1776283293349
63,Produto E,Filial Sul,2025-03-04,16,28.322053979172438,18.031660105741352,371.4418795309355
64,Produto B,Filial Leste,2025-03-20,19,10.908154602012225,4.304089594663855,198.33449924152623
65,Produto B,Filial Sul,2025-01-07,7,49.37337339473888,17.68710300911507,284.48457788335475
66,Produto D,Filial Leste,2025-03-17,12,89.44609426060798,11.188108514547139,953.2652180724845
67,Produto B,Filial Norte,2025-02-18,15,14.671084922857812,16.56976267790482,183.60181453299597
68,Produto B,Filial Oeste,2025-03-26,8,27.200683854640236,14.2569199172191,186.58163312438586
69,Produto D,Filial Leste,2025-01-31,6,37.90760845084796,13.933902228734972,195.75359611233077
70,Produto D,Filial Leste,2025-02-27,10,75.85522629077916,6.486916153901115,709.3456136294436
71,Produto A,Filial Oeste,2025-03-02,3,67.65720335223278,4.6779386294440695,193.47672270305148
72,Produto E,Filial Leste,2025-01-24,19,47.434951412366956,4.217724553615763,863.2512405733852
73,Produto E,Filial Leste,2025-01-20,17,78.31620453325381,17.143833141191774,1103.1266867944912
74,Produto B,Filial Sul,2025-02-06,7,64.86679104912118,16.4085364051804,379.5617001746768
75,Produto E,Filial Oeste,2025-01-04,4,90.64367196914972,8.811470560246146,330.626525995448
76,Produto B,Filial Norte,2025-01-20,14,83.62240742248237,2.648092269929092,1139.712124818386
77,Produto A,Filial Leste,2025-03-01,15,32.75322454802805,7.645045039549167,453.73838669139946
78,Produto D,Filial Oeste,2025-01-24,8,34.42947198707802,12.386869082738228,241.31790692928504
79,Produto D,Filial Sul,2025-02-19,15,21.282082821314706,9.088063089599057,290.2193056159935
80,Produto D,Filial Norte,2025-02-18,14,40.32682531457108,15.6037853696599,476.4803966452283
81,Produto E,Filial Oeste,2025-02-20,9,99.95895268471848,19.952456445027707,720.1321756865475
82,Produto A,Filial Norte,2025-02-05,8,46.51760517535549,3.822641768977937,357.91523015995284
83,Produto E,Filial Norte,2025-03-07,17,29.843959122019577,9.19301639319145,460.7067841484343
84,Produto E,Filial Norte,2025-03-20,2,78.62345960279977,8.61967803841644,143.69274104474803
85,Produto A,Filial Leste,2025-02-03,3,58.82239031163905,6.089850654979017,165.72058376991416
86,Produto A,Filial Leste,2025-02-05,8,23.46413045742573,3.9619103344057915,180.27602118363617
87,Produto A,Filial Sul,2025-01-06,12,44.26207130447792,1.3138423297931845,524.1664497076374
88,Produto A,Filial Sul,2025-02-08,1,47.302274398540895,17.742386344473967,38.909722125028566
89,Produto D,Filial Oeste,2025-02-11,10,77.84467305122968,8.396973953726352,713.0807613075449
90,Produto C,Filial Sul,2025-02-27,3,11.860423200271402,9.937910370000978,32.04523491937689
91,Produto C,Filial Norte,2025-01-12,6,34.21176821184794,18.338840964018317,167.62635869099142
92,Produto A,Filial Norte,2025-01-03,7,56.58366711839698,15.525809550318957,334.5901630750575
93,Produto C,Filial Leste,2025-01-18,18,34.196206820755904,2.6100252823436842,599.4661891883695
94,Produto C,Filial Norte,2025-02-09,11,66.5590642677099,11.308399352154847,649.3552942278586
95,Produto A,Filial Oeste,2025-01-21,19,53.368073134715495,8.845045530391182,924.3052125778914
96,Produto C,Filial Norte,2025-01-15,5,42.55392293736226,15.944221451575256,178.8451561394827
97,Produto E,Filial Norte,2025-01-26,19,95.4287764183461,14.484650952238985,1550.5187736769662
98,Produto B,Filial Oeste,2025-01-08,11,66.89435492678118,13.80811443822144,634.2325643035933
99,Produto B,Filial Sul,2025-03-28,12,21.694723504114712,6.810896709597937,242.60541953779915
100,Produto A,Filial Sul,2025-02-11,10,60.408252769905594,16.09927460798509,506.8296227059273
101,Produto D,Filial Oeste,2025-02-13,8,80.26586678808108,1.0478259118972244,635.3985618997333
102,Produto A,Filial Leste,2025-01-14,9,73.76407277435176,3.1924980286433446,642.6824058466519
103,Produto D,Filial Norte,2025-03-19,4,25.488030636573345,6.712465459558235,95.10862153508695
104,Produto B,Filial Oeste,2025-01-02,5,97.5177999136093,1.5361488213856256,480.09890689797595
105,Produto A,Filial Norte,2025-02-06,8,50.39322811719454,4.699885550693832,384.19843256309065
106,Produto E,Filial Leste,2025-03-10,9,24.312250336623517,16.603019659958363,182.4811437011006
107,Produto C,Filial Norte,2025-02-07,15,26.217617871533314,18.965030755801585,318.68157868137735
108,Produto D,Filial Oeste,2025-02-10,15,18.841149297017246,6.09204711548381,265.40006407116465
109,Produto C,Filial Norte,2025-03-03,16,82.31662975914409,5.2903160797767645,1247.3891177386524
110,Produto C,Filial Sul,2025-03-01,14,20.98274448896638,5.597853044928538,277.3142580275368
111,Produto A,Filial Leste,2025-01-14,8,21.261273142757226,5.554381747016876,160.64272694506013
112,Produto C,Filial Leste,2025-03-30,18,86.5424453284754,0.7186036437194598,1546.569866933659
113,Produto E,Filial Leste,2025-03-25,10,41.014367600280366,18.53832692662216,334.109900476538
114,Produto C,Filial Oeste,2025-01-02,6,12.77721138772652,4.273962831406568,73.38670873274904
115,Produto A,Filial Leste,2025-03-11,12,14.67057695665698,8.4000814816281,161.25883846167406
116,Produto E,Filial Sul,2025-01-17,2,22.795340203350598,0.1937376548193548,45.50235409166506
117,Produto B,Filial Oeste,2025-03-30,7,29.205401317812058,17.159101818301142,169.35811738471656
118,Produto C,Filial Sul,2025-01-28,16,69.86315748145648,14.623146889098344,954.3514454652961
119,Produto A,Filial Norte,2025-03-07,3,24.159365200164544,18.935120703474063,58.754280714960835
120,Produto B,Filial Norte,2025-02-04,13,20.69869520593648,15.63230958392798,227.01914418964083
121,Produto B,Filial Norte,2025-01-05,3,78.82472273286513,6.274130241041305,221.63747089939642
122,Produto D,Filial Norte,2025-03-06,18,70.3949755473923,4.957467174568473,1204.2930193575269
123,Produto E,Filial Sul,2025-02-09,11,49.17917993097126,13.954326151065858,465.48212441482406
124,Produto C,Filial Oeste,2025-03-17,8,59.43787943320935,7.282255500209988,440.87568951181026
125,Produto A,Filial Oeste,2025-02-25,6,38.07856182937766,11.324300315052332,202.5985867929963
126,Produto D,Filial Leste,2025-02-05,1,53.42503782118246,0.1251494205294046,53.35817669593163
127,Produto E,Filial Sul,2025-02-14,1,55.60053840844712,1.237714033609505,54.91236274180333
128,Produto D,Filial Norte,2025-01-23,8,44.85135440602863,10.707358823633024,320.39167162012643
129,Produto E,Filial Sul,2025-02-16,5,91.59149896049465,11.321432928963302,406.1101441852506
130,Produto E,Filial Leste,2025-01-31,16,11.445567848290553,15.029058889186873,155.60650745870603
131,Produto C,Filial Leste,2025-01-11,11,80.39541367821215,2.639306392479235,861.0088562431727
132,Produto E,Filial Sul,2025-01-10,5,21.19445481171919,10.263661675135577,95.09563837977421
133,Produto D,Filial Sul,2025-03-08,4,81.77926244834795,3.888952888633772,314.39562183623815
134,Produto E,Filial Sul,2025-01-14,6,65.43207241090491,1.8639223912538938,385.27481617305955
135,Produto C,Filial Oeste,2025-03-21,14,85.89502818427621,8.209915881211092,1103.803660738864
136,Produto C,Filial Norte,2025-03-15,19,18.77628930768077,3.2667329617811447,345.0954434414801
137,Produto D,Filial Sul,2025-01-10,9,60.308257068979664,4.435639563846372,518.6988014234564
138,Produto B,Filial Sul,2025-03-17,12,55.09790922359774,6.351091597390035,619.1830864867228
139,Produto B,Filial Sul,2025-01-01,11,73.55738646670227,5.187768014863925,767.1553988891412
140,Produto E,Filial Leste,2025-01-05,14,58.08614967043082,1.751825948118928,798.9601399953743
141,Produto A,Filial Leste,2025-01-20,16,58.66611104197938,1.7983248971940458,921.7776601743353
142,Produto E,Filial Oeste,2025-01-08,1,48.66363492184582,3.8649883046833633,46.782791123482674
143,Produto D,Filial Norte,2025-02-12,13,37.79509816066067,1.011183759190779,486.36796346176817
144,Produto D,Filial Oeste,2025-03-17,13,53.403792512697294,12.529140393538542,607.2658328529965
145,Produto D,Filial Norte,2025-01-01,2,20.66431228915605,5.746534330178039,38.953660978729
146,Produto D,Filial Leste,2025-02-26,4,96.53620050847763,5.59491935538142,364.540311765116
147,Produto D,Filial Leste,2025-03-05,6,74.29696872639384,6.639965884755304,416.18205209732383
148,Produto C,Filial Leste,2025-03-25,5,95.7220405019062,13.255925484194433,415.1659907051156
149,Produto B,Filial Oeste,2025-01-28,3,30.405464409696695,17.412677629669812,75.33317673069666
150,Produto D,Filial Sul,2025-02-06,1,89.14069181588752,15.181738651112768,75.60758495260562
151,Produto A,Filial Sul,2025-02-16,4,82.79109861071846,14.5505846045019,282.9780390494771
152,Produto A,Filial Leste,2025-03-17,2,70.94371712119063,9.687823712016986,128.14162974347533
153,Produto A,Filial Sul,2025-02-06,5,66.25262674766851,13.876111139348236,285.29669313712236
154,Produto A,Filial Sul,2025-02-18,3,38.489469874108295,11.055247360671663,102.70309131514327
155,Produto C,Filial Oeste,2025-02-13,9,83.47697064685276,4.325010563730578,718.799245632847
156,Produto A,Filial Norte,2025-02-25,6,55.136391533176045,4.171767354821014,317.0173773034123
157,Produto D,Filial Leste,2025-01-28,18,16.38024183021568,5.927840137505669,277.3664510469059
158,Produto E,Filial Leste,2025-03-20,6,38.1576844769617,18.216053419396264,187.2411617342021
159,Produto A,Filial Oeste,2025-01-06,19,94.17673886907949,10.948296807594517,1593.4538095056091
160,Produto C,Filial Oeste,2025-03-02,12,86.56122345443616,14.678107540037388,886.2680878538634
161,Produto C,Filial Sul,2025-01-20,11,98.37151282688852,6.931175196330952,1007.0853202253328
162,Produto A,Filial Leste,2025-03-19,2,66.51940443436882,8.154315413304506,122.19040477147746
163,Produto E,Filial Norte,2025-01-02,15,32.27590658263708,2.5113115727450275,471.98037008128415
164,Produto A,Filial Oeste,2025-03-14,12,24.65335447091774,3.4258991564334074,285.70506489679235
165,Produto C,Filial Norte,2025-02-06,12,26.822299654761547,16.54713109652291,268.6077428134313
166,Produto B,Filial Norte,2025-01-20,9,11.781609251252895,11.696772633777641,93.63187084080359
167,Produto D,Filial Leste,2025-01-26,2,45.16138998873453,6.750649317676379,84.2254058472137
168,Produto C,Filial Leste,2025-01-29,3,27.228491244958825,16.05702417991092,68.56921746579258
169,Produto A,Filial Oeste,2025-01-01,12,47.04899144110322,4.93039811275966,536.7514662602233
170,Produto D,Filial Leste,2025-02-04,16,94.14949886548888,19.520653972004077,1212.3344156092942
171,Produto A,Filial Leste,2025-03-11,1,48.748618855647095,6.896352154923395,45.38674242870029
172,Produto A,Filial Leste,2025-02-28,3,89.01860472863514,6.746219083024552,249.0396438869693
173,Produto B,Filial Norte,2025-03-10,2,64.49542899542888,6.2382381107341045,120.94410112830916
174,Produto D,Filial Oeste,2025-02-02,9,32.241839919525276,2.4422303184857586,283.08977936795685
175,Produto D,Filial Sul,2025-02-20,19,42.026928333329025,2.222742946640248,780.7627772140976
176,Produto B,Filial Norte,2025-03-19,15,17.55275822392865,12.962100690682467,229.16328043426455
177,Produto C,Filial Leste,2025-01-12,18,40.011633423640944,17.50236089116094,594.1557529809647
178,Produto A,Filial Norte,2025-01-20,11,70.97868509531807,15.81041020543347,657.3233020565797
179,Produto E,Filial Leste,2025-02-22,16,16.489998363649168,2.822151880427022,256.39400903595293
180,Produto A,Filial Leste,2025-03-29,17,28.48612676302264,10.91164243584133,431.42298193595883
181,Produto A,Filial Norte,2025-02-12,5,44.329693727198034,2.1118309195328,216.96762774266438
182,Produto C,Filial Oeste,2025-03-30,12,98.38445833143663,0.9058928722615489,1169.9184064319882
183,Produto A,Filial Leste,2025-02-19,11,80.63756406629922,13.127717187695344,770.5686197949169
184,Produto B,Filial Oeste,2025-01-29,15,76.01380718428935,10.703046673607005,1018.1702088445384
185,Produto B,Filial Sul,2025-02-26,3,20.45718608729014,1.640473704229417,60.3647739867086
186,Produto D,Filial Leste,2025-02-08,1,80.28963042534923,0.6987849281197689,79.72857858909383
187,Produto E,Filial Oeste,2025-02-25,16,80.67419303644137,19.795128268186694,1035.2741287288522
188,Produto A,Filial Oeste,2025-02-12,2,64.09924260618953,0.6004266429814376,127.42874735126533
189,Produto A,Filial Sul,2025-02-19,2,99.13256037985347,8.890565061003192,180.63823120528866
190,Produto C,Filial Oeste,2025-01-23,3,39.272851533209675,10.09238049215391,105.92785777907837
191,Produto B,Filial Oeste,2025-02-13,8,94.71452034176664,2.345602956008901,739.9431500228842
192,Produto E,Filial Sul,2025-02-07,15,92.32580034608533,3.381235568794325,1338.0607131841418
193,Produto D,Filial Leste,2025-03-25,7,11.033259377444006,7.03610012820705,71.79863740169576
194,Produto B,Filial Oeste,2025-01-23,6,50.510487382733,15.233517524273253,256.8957806141312
195,Produto D,Filial Oeste,2025-02-14,9,97.93938097464161,10.141648481205333,792.0604190837247
196,Produto C,Filial Oeste,2025-02-21,1,19.28092261672682,12.75803749105923,16.821055280662694
197,Produto C,Filial Norte,2025-03-21,8,59.300622494498754,19.703491101813494,380.9306369438014
198,Produto A,Filial Sul,2025-02-19,3,98.10617563369937,15.360108706264192,249.11088122641402
199,Produto E,Filial Norte,2025-01-08,4,59.99458816952742,8.687229962824354,219.13088131996463
200,Produto D,Filial Sul,2025-03-26,15,27.08337726749404,8.928838435930974,369.9771940242876
201,Produto B,Filial Leste,2025-01-01,6,62.396490708333076,12.3754415408201,328.0478968632004
202,Produto C,Filial Leste,2025-01-08,15,28.399651655459216,13.307304168378087,369.3063544036116
203,Produto A,Filial Oeste,2025-01-29,3,56.77338366050358,10.014218516733425,153.26391888419195
204,Produto A,Filial Sul,2025-01-05,14,16.66379961211132,12.897224456299599,203.20484762465077
205,Produto D,Filial Leste,2025-03-27,14,64.49344022929643,0.4706498882819754,898.6586269487126
206,Produto C,Filial Sul,2025-02-16,4,56.51109452153424,8.592457277936882,206.62161146990752
207,Produto E,Filial Leste,2025-02-03,12,76.61452318853168,5.578761521469535,868.0845797883902
208,Produto C,Filial Norte,2025-03-06,17,66.76304240429064,2.583488904862208,1105.649852390865
209,Produto D,Filial Leste,2025-02-24,7,59.4645641677681,1.9909302561755027,407.9646631763438
210,Produto D,Filial Norte,2025-03-31,9,72.0800964323309,12.06384331229335,570.460198854461
211,Produto C,Filial Leste,2025-02-12,3,22.954772221500775,10.472010943052235,61.6528378875375
212,Produto D,Filial Oeste,2025-03-15,13,63.582369513274365,5.071682339927383,784.6497581957093
213,Produto C,Filial Norte,2025-01-30,15,25.48995425404999,9.41900117545029,346.3358274485892
214,Produto B,Filial Leste,2025-03-23,18,93.29699870666929,9.844646303648165,1514.0203050974128
215,Produto C,Filial Oeste,2025-01-17,19,16.150069436104378,3.900179608772316,294.8835667019424
216,Produto C,Filial Norte,2025-01-26,1,48.733727472171395,13.041861237633013,42.377942359324564
217,Produto D,Filial Oeste,2025-01-08,6,72.62177298899005,15.618387127721808,367.6765400673256
218,Produto D,Filial Sul,2025-02-16,2,51.22199905014329,15.82927081779038,86.22786020442018
219,Produto A,Filial Sul,2025-03-17,14,18.28857279096121,12.049396614069101,225.18874168455798
220,Produto A,Filial Norte,2025-03-13,6,59.804111451403664,10.23277165038028,322.1069597342556
221,Produto B,Filial Leste,2025-03-30,14,67.74687179446191,1.2201428601078979,936.8836844544146
222,Produto A,Filial Norte,2025-02-15,4,73.34130798914569,5.756625977032117,276.4772928061896
223,Produto C,Filial Oeste,2025-03-09,8,43.5933833016483,1.865428935563398,342.24143772438634
224,Produto D,Filial Leste,2025-02-02,3,60.729397392588595,19.27646321756947,147.06875232586398
225,Produto A,Filial Sul,2025-01-01,19,50.56178274450218,2.701602924515214,934.720278720604
226,Produto A,Filial Leste,2025-01-19,14,70.4850434877028,3.035508197022041,956.8364990094263
227,Produto B,Filial Sul,2025-01-31,17,62.520127059233666,17.791532366609843,873.7462531033567
228,Produto B,Filial Leste,2025-03-21,8,57.318059760322136,18.878565669529156,371.977857663758
229,Produto C,Filial Leste,2025-01-14,14,32.45719301544238,15.316580784698196,384.80205157501416
230,Produto D,Filial Leste,2025-02-22,6,10.181666597341053,0.1080984734533974,61.02396222706327
231,Produto B,Filial Oeste,2025-02-17,16,25.667350778028634,0.026925419131273998,410.5670357800281
232,Produto A,Filial Oeste,2025-03-10,19,20.535943728175177,7.5620153957490155,360.6772375339761
233,Produto D,Filial Norte,2025-03-31,14,50.41762705098521,2.8679074002178506,685.6037467128607
234,Produto D,Filial Norte,2025-03-03,19,65.10323356856603,0.3677228430319457,1232.4128480364573
235,Produto A,Filial Sul,2025-03-07,3,29.177650781632735,9.281333788090095,79.40872686319837
236,Produto B,Filial Oeste,2025-03-05,10,94.51513863704685,18.861237948139433,766.8841344169957
237,Produto A,Filial Sul,2025-03-11,19,10.6013916301499,6.476391498048628,188.38127607486064
238,Produto D,Filial Norte,2025-03-04,9,79.50709136488086,13.22281356857393,620.9461520991623
239,Produto E,Filial Sul,2025-03-14,13,66.2684292577398,13.044707062648815,749.1107882186368
240,Produto E,Filial Norte,2025-02-02,7,43.61993209429137,5.021602073303355,290.0065887590965
241,Produto C,Filial Oeste,2025-02-10,14,14.544004997116712,13.008504976477287,177.1286633660275
242,Produto A,Filial Leste,2025-03-30,9,66.47379146058515,4.246679485737825,572.857763357127
243,Produto A,Filial Oeste,2025-02-17,19,44.705216157908325,2.440148271537781,828.672509372334
244,Produto C,Filial Sul,2025-01-13,15,94.26404254718972,14.027665711193801,1215.6149665921866
245,Produto C,Filial Sul,2025-03-14,14,58.77910674007893,2.2688163420783347,804.2372346488529
246,Produto C,Filial Oeste,2025-03-18,6,94.56863601641574,19.938184371787106,454.28020205747106
247,Produto D,Filial Oeste,2025-01-31,4,29.84353241259737,3.6690480230045863,114.99423550647293
248,Produto A,Filial Norte,2025-03-16,8,75.3153319327693,11.88283725512915,530.9258688883041
249,Produto D,Filial Sul,2025-03-09,17,65.55241187638532,8.227491428251788,1022.704577740138
250,Produto C,Filial Sul,2025-01-04,9,76.54674068481806,2.527728448113342,671.5066224998193
251,Produto A,Filial Oeste,2025-01-19,1,29.320107757528312,0.5568781515482679,29.15683048341623
252,Produto D,Filial Leste,2025-03-11,14,69.84950646139964,12.454645645856665,856.0999712475359
253,Produto D,Filial Sul,2025-03-23,11,54.82363537511821,16.135151275782523,505.7553475970541
254,Produto C,Filial Leste,2025-01-13,3,76.85424774156846,16.840313230134882,191.7352550736734
255,Produto A,Filial Oeste,2025-01-23,9,39.4340179736636,9.65426946153869,320.6425645707706
256,Produto C,Filial Oeste,2025-03-24,14,90.10513229187274,15.54910934364771,1065.3242144659944
257,Produto A,Filial Norte,2025-03-16,9,17.587118315021534,13.456942669770894,136.98386897493882
258,Produto E,Filial Sul,2025-01-01,4,82.64703869120693,14.485090549982665,282.7021611996256
259,Produto B,Filial Leste,2025-03-29,4,87.51876632335818,9.851980104436283,315.58573951013136
260,Produto B,Filial Norte,2025-02-23,8,83.5527080230139,12.668234804842541,583.7444382788319
261,Produto B,Filial Sul,2025-03-12,2,56.14537548355984,16.11051827152114,94.20012901533356
262,Produto C,Filial Norte,2025-03-30,9,49.45464820276852,7.957683511140461,409.6728343551986
263,Produto E,Filial Oeste,2025-03-26,14,99.66360578723891,16.119578017351675,1170.3755433644276
264,Produto A,Filial Sul,2025-01-15,9,30.62547560927459,11.840336855781256,242.99384520106221
265,Produto D,Filial Norte,2025-03-06,16,59.21883692884401,3.318020487415725,916.0631005941705
266,Produto A,Filial Norte,2025-03-17,17,70.3607972844093,0.49368314449169226,1190.2284440940655
267,Produto D,Filial Leste,2025-03-12,16,73.07808722752887,7.255072007983041,1084.4195100338397
268,Produto A,Filial Norte,2025-01-15,12,28.362219916472082,10.933926565926797,303.1333874200603
269,Produto E,Filial Sul,2025-01-21,3,68.85946831058212,16.796407044069767,171.88065517426352
270,Produto D,Filial Sul,2025-01-19,11,83.65326098332035,2.549713602804924,896.723766497226
271,Produto C,Filial Leste,2025-03-01,14,14.5016719139001,16.004126953671584,170.53128302552432
272,Produto A,Filial Sul,2025-03-30,18,92.03691639927848,17.26018092134454,1370.721206058055
273,Produto A,Filial Oeste,2025-02-02,5,12.655364963068534,3.0137497400166757,61.36981967197947
274,Produto D,Filial Sul,2025-02-18,16,42.037392923955494,17.03188638608438,558.0421107436083
275,Produto C,Filial Sul,2025-02-04,5,11.423187660966587,19.82907135685584,45.790378142229855
276,Produto C,Filial Norte,2025-02-13,3,16.94306516856237,14.536776620964751,43.44026889679192
277,Produto E,Filial Norte,2025-03-31,12,92.00514566620711,15.695393636499759,930.774910656731
278,Produto C,Filial Sul,2025-01-11,1,41.937474767153304,19.88830535117747,33.596821728888855
279,Produto C,Filial Leste,2025-03-13,9,48.22943773825476,12.109625010518908,381.50130315123374
280,Produto C,Filial Norte,2025-03-19,9,29.380994324429736,6.157727640324988,248.14613444320807
281,Produto B,Filial Leste,2025-03-15,4,63.73861931680478,16.750616681521112,212.24803006781136
282,Produto E,Filial Sul,2025-03-07,3,63.532289321001066,12.289715550232625,167.17305504269765
283,Produto A,Filial Sul,2025-02-15,17,43.49803526426973,11.623908474419132,653.5116787686678
284,Produto D,Filial Oeste,2025-01-09,2,39.97313846248585,5.072711110280766,75.89083325314283
285,Produto A,Filial Norte,2025-01-03,1,89.6467877362529,15.126685391657732,76.08620019166271
286,Produto E,Filial Sul,2025-03-26,8,44.495581567798126,1.6333455172019251,350.15051984726057
287,Produto D,Filial Oeste,2025-01-26,13,54.41508929389674,18.485741415893223,576.6287357453947
288,Produto E,Filial Norte,2025-03-13,15,35.49742861824376,6.516469215409694,497.7637441511082
289,Produto C,Filial Sul,2025-02-17,8,80.80925530214147,2.555493055799809,629.9534431556136
290,Produto D,Filial Sul,2025-03-07,12,45.77033412091825,8.847330662048376,500.6505757933951
291,Produto C,Filial Norte,2025-03-11,12,56.22499418898921,0.8493981851306631,668.9690413050973
292,Produto A,Filial Norte,2025-01-28,14,32.80214530536953,13.692523885299327,396.34985214357704
293,Produto A,Filial Norte,2025-01-26,15,98.88936331071265,18.054110208907122,1215.5365301056502
294,Produto D,Filial Sul,2025-01-25,15,36.23461668313506,16.745260142770174,452.5055378671273
295,Produto D,Filial Sul,2025-01-12,9,79.36682778149965,2.5473894689576215,696.105410118732
296,Produto E,Filial Oeste,2025-01-05,19,48.47460853210833,2.525422742154637,897.7579751372925
297,Produto E,Filial Leste,2025-02-17,8,28.55956645757259,16.26868964648528,191.30639380966716
298,Produto C,Filial Norte,2025-02-06,19,81.97468875683751,18.485085492062318,1269.6103517073977
299,Produto D,Filial Sul,2025-03-20,6,40.02461101261389,9.213396596669783,218.0219091824844
300,Produto A,Filial Sul,2025-02-13,19,87.867401265803,9.979422338275318,1502.8761017206075
301,Produto E,Filial Norte,2025-01-15,4,92.37314664260407,6.365240827714517,345.9734935946577
302,Produto E,Filial Leste,2025-02-12,7,87.38414518521483,17.88530236512828,502.28658619759534
303,Produto A,Filial Norte,2025-02-17,4,13.150712332612509,12.898058105847118,45.81810325847738
304,Produto E,Filial Leste,2025-03-28,12,80.86360105045951,5.765031543347369,914.4214673137673
305,Produto C,Filial Sul,2025-03-11,13,47.020551984922946,5.975657421085032,574.7399434504098
306,Produto D,Filial Leste,2025-02-15,3,88.63506281640026,17.824001461272047,218.51024377441706
307,Produto A,Filial Oeste,2025-02-12,12,67.4158836416265,0.27268047811642937,806.7846442534332
308,Produto D,Filial Sul,2025-01-21,2,85.02788207295626,6.454531454532768,159.07946135886854
309,Produto E,Filial Oeste,2025-01-23,2,54.94885928801518,11.08713362432738,97.71321166741862
310,Produto E,Filial Norte,2025-03-21,9,58.15229541390396,2.9643492419864925,507.8561245704373
311,Produto A,Filial Norte,2025-02-16,1,22.994886892030053,1.8419750839917959,22.571326804886763
312,Produto C,Filial Norte,2025-01-15,8,80.55886228204199,16.3055266218112,539.3865243713233
313,Produto B,Filial Leste,2025-01-25,6,47.74506505002745,17.888087772970145,235.22631543970107
314,Produto A,Filial Sul,2025-02-05,6,55.00721064444244,16.472128415963788,275.678113614301
315,Produto B,Filial Norte,2025-03-16,18,80.65879426861369,17.975757794746954,1190.87576587304
316,Produto B,Filial Norte,2025-02-20,17,63.896086007149506,11.06223942116743,966.0717158688207
317,Produto C,Filial Sul,2025-01-15,12,28.09888546984007,16.24516241980684,282.4101106453086
318,Produto B,Filial Norte,2025-03-09,6,63.120939323580345,7.680852767822008,349.63627745081925
319,Produto B,Filial Oeste,2025-01-21,8,46.68695721816902,13.32535722958077,323.72602711381165
320,Produto C,Filial Sul,2025-01-13,19,52.25729878394764,19.776710627783288,796.5279564094537
321,Produto B,Filial Sul,2025-03-27,10,12.5480146962401,4.514554476782548,119.81527737023661
322,Produto B,Filial Sul,2025-01-19,1,28.902641456465343,7.797994925821612,26.64881494226176
323,Produto B,Filial Oeste,2025-02-03,13,35.293427324292544,9.600947546201713,414.76401043519513
324,Produto A,Filial Sul,2025-03-19,17,74.16640070729252,2.7603097404010346,1226.0260315158926
325,Produto A,Filial Oeste,2025-03-09,3,11.034322596830378,1.6207722093011356,32.56644408808895
326,Produto A,Filial Sul,2025-02-21,8,46.789953510621885,16.594457326432487,312.2033171379531
327,Produto C,Filial Leste,2025-01-27,14,93.16241833831596,19.535887456551723,1049.472383959169
328,Produto E,Filial Norte,2025-01-29,3,20.069255489421145,8.094501276593174,55.33424804288162
329,Produto B,Filial Leste,2025-01-28,16,56.47819493967499,1.7529967238930655,887.8101445226969
330,Produto B,Filial Norte,2025-02-04,13,80.78701441517623,1.3162352138115296,1036.4076746823368
331,Produto C,Filial Oeste,2025-01-08,17,94.8278176768105,17.826364127205974,1324.6989152656076
332,Produto B,Filial Leste,2025-01-16,13,77.20989755803461,9.276284994553599,910.6199364151298
333,Produto A,Filial Sul,2025-02-05,6,74.85089937799656,6.400546331247838,420.36019730371316
334,Produto E,Filial Norte,2025-01-30,17,84.38392811761862,9.52922542478799,1297.8274875449947
335,Produto D,Filial Norte,2025-01-18,14,50.15810988797893,6.366081893846946,657.5100495054623
336,Produto B,Filial Leste,2025-01-02,17,82.52600793560498,9.7807155061524,1265.7243559742578
337,Produto A,Filial Oeste,2025-02-18,8,10.716796427090602,17.191127938358736,70.99566593932799
338,Produto D,Filial Leste,2025-03-18,11,93.21049498391244,11.846027421241914,903.8562960750714
339,Produto E,Filial Oeste,2025-01-04,1,49.89758585654578,13.893075456203508,42.96527660267195
340,Produto D,Filial Oeste,2025-03-31,7,59.80421690791729,7.2934135246867315,388.0971364453558
341,Produto A,Filial Norte,2025-03-30,17,32.93940240233941,14.770117570210374,477.26163699001603
342,Produto D,Filial Leste,2025-03-16,10,76.82777495563793,13.332341697587447,665.8483347989877
343,Produto C,Filial Leste,2025-01-07,11,16.897222582772393,2.391239955041129,181.42486389588998
344,Produto D,Filial Oeste,2025-03-15,9,88.53722222921517,11.452857062311692,705.5746264832571
345,Produto B,Filial Leste,2025-02-08,9,84.53051461057085,5.13486992619516,721.7098437363718
346,Produto B,Filial Sul,2025-01-13,5,29.445410462028974,16.081913392671858,123.55012526704368
347,Produto C,Filial Sul,2025-01-31,17,82.83919584567361,8.51875416933879,1288.2995827273007
348,Produto A,Filial Leste,2025-03-12,9,80.77219597553334,19.893683303929745,582.3326799947813
349,Produto B,Filial Leste,2025-03-04,17,66.89949379785541,1.8500087587792757,1116.2514041512736
350,Produto E,Filial Oeste,2025-02-25,19,43.61681592097188,15.60695725480317,699.3816039813128
351,Produto B,Filial Sul,2025-02-11,7,34.43488787636811,13.474034670843128,208.56583401528218
352,Produto B,Filial Sul,2025-03-02,9,30.860523126041503,15.349976611814109,235.11096039519583
353,Produto A,Filial Norte,2025-02-11,7,38.67480664872464,6.150595909809127,254.07252901003113
354,Produto D,Filial Oeste,2025-02-25,13,91.32025990892772,9.841089787648013,1070.333564780696
355,Produto B,Filial Norte,2025-02-05,11,16.987669838990314,15.930170394474167,157.0965559634731
356,Produto C,Filial Sul,2025-03-25,14,84.59841486276628,4.6508266324171,1129.2944495521645
357,Produto D,Filial Oeste,2025-03-09,19,41.40010675376412,4.520663935773042,751.0423941091282
358,Produto E,Filial Leste,2025-01-07,11,56.94394564102224,11.021019065898647,557.3495678855523
359,Produto A,Filial Oeste,2025-02-23,13,81.50370702836416,10.471271590597116,948.6000226172541
360,Produto E,Filial Leste,2025-01-01,14,89.59388923206741,5.645249408258657,1183.5052702250148
361,Produto D,Filial Leste,2025-02-13,13,41.03032780653823,5.961513010496455,501.59589318932746
362,Produto D,Filial Oeste,2025-02-14,1,51.56591331475993,5.55690326413131,48.70044539459292
363,Produto D,Filial Leste,2025-02-16,8,47.306445833511304,15.430241239969753,320.0555769547591
364,Produto E,Filial Norte,2025-01-13,12,11.19259301535195,13.038017311249213,116.79960960519232
365,Produto D,Filial Sul,2025-01-22,19,36.634859997279094,16.648343668205055,580.1794894487596
366,Produto E,Filial Leste,2025-01-21,12,51.32703103593057,19.50946056628044,495.7608498735981
367,Produto D,Filial Norte,2025-03-27,8,46.99842479923958,9.483285925439729,340.33143836059935
368,Produto C,Filial Leste,2025-01-09,8,74.97363047641115,1.333877628108977,591.7885919400416
369,Produto D,Filial Sul,2025-01-26,13,44.63232554989929,0.9618462082407087,574.6394058463231
370,Produto E,Filial Norte,2025-01-09,12,54.04388040736032,5.913300785432383,610.1772384330449
371,Produto B,Filial Sul,2025-01-15,16,48.6647732919127,18.65089178704902,633.4137453892054
372,Produto D,Filial Sul,2025-01-10,1,76.65635340049334,10.464261099417499,68.63483243137352
373,Produto B,Filial Norte,2025-03-29,13,87.66751590882663,5.435730321602583,1077.727900136872
374,Produto C,Filial Norte,2025-02-11,7,57.87001711067627,7.983335890220391,372.75041485502084
375,Produto A,Filial Norte,2025-03-13,5,81.04889747756721,11.971902148093417,356.72901389722153
376,Produto C,Filial Oeste,2025-01-24,8,36.71080138178655,13.058993162756845,255.3339227147664
377,Produto D,Filial Norte,2025-03-21,14,58.723264914154186,3.0783901956581006,796.8174715825314
378,Produto B,Filial Norte,2025-02-18,13,41.070695830297524,19.54063353090352,429.58788170359117
379,Produto B,Filial Norte,2025-01-26,15,47.278083301464726,10.895444539655777,631.9038893391207
380,Produto E,Filial Norte,2025-02-06,17,75.91724783314017,2.713766355845586,1255.5695287537285
381,Produto B,Filial Leste,2025-03-09,15,89.34962340994414,17.872705066922673,1100.706431092181
382,Produto E,Filial Oeste,2025-02-19,18,20.934585197898887,1.492768621588576,371.19744502208863
383,Produto A,Filial Sul,2025-01-24,18,67.11753308386425,18.154708663550252,988.7857288258813
384,Produto D,Filial Norte,2025-01-19,2,62.392942682001866,19.93131312577965,99.9144198153277
385,Produto E,Filial Leste,2025-03-01,4,20.65735352583387,14.008635983130077,71.05416026660606
386,Produto A,Filial Leste,2025-02-08,1,29.07048973960982,15.408944421479795,24.591034132581356
387,Produto B,Filial Leste,2025-03-15,4,37.99022452594122,6.7460567293497276,141.70952971125558
388,Produto B,Filial Sul,2025-03-30,18,25.02379637357513,18.831537054678677,365.6057559659638
389,Produto A,Filial Norte,2025-01-18,5,31.93565342719076,10.594279322167353,142.7615054987743
390,Produto B,Filial Oeste,2025-01-19,19,34.08407189755368,14.647768931951097,552.7388002645987
391,Produto A,Filial Oeste,2025-02-05,15,40.210644973515365,18.48215431822559,491.6827727573465
392,Produto E,Filial Leste,2025-03-15,8,77.44514075210431,19.503599519510168,498.7244052199433
393,Produto E,Filial Sul,2025-02-24,17,61.47209834655406,16.66408713193349,870.8816833763595
394,Produto A,Filial Sul,2025-03-10,1,98.76220047562613,6.0603501396406,92.77686532118939
395,Produto E,Filial Sul,2025-02-16,12,47.32622442707239,19.33095033104165,458.1313858742127
396,Produto E,Filial Oeste,2025-02-18,19,77.84785664532325,12.562390624871435,1293.2977912085084
397,Produto E,Filial Leste,2025-02-02,15,88.43215792388804,18.612849527039195,1079.5862015400162
398,Produto C,Filial Norte,2025-01-21,9,71.10806437342377,13.522100516287036,553.4348439029699
399,Produto D,Filial Oeste,2025-03-22,7,47.06782663757464,6.14477923695441,309.2292881934428
400,Produto B,Filial Leste,2025-01-22,2,77.82351676711777,7.400490482856319,144.12838963068626
401,Produto C,Filial Leste,2025-02-17,9,28.330042399541636,11.00943554205881,226.8995817827355
402,Produto E,Filial Norte,2025-02-06,10,39.479694866211915,15.80029683119764,332.41785889299337
403,Produto A,Filial Norte,2025-01-15,2,59.20167295893599,6.359651026806699,110.87330631343254
404,Produto E,Filial Norte,2025-02-04,19,61.78684485575335,11.59462332268384,1037.8349657033962
405,Produto D,Filial Sul,2025-03-12,11,11.992732792536652,6.912499871528031,122.80108669025842
406,Produto E,Filial Norte,2025-02-01,13,95.06027698804078,16.315388092702143,1034.160710380776
407,Produto A,Filial Leste,2025-01-11,10,72.69645440956509,9.33456187535901,659.1055889151208
408,Produto D,Filial Norte,2025-01-10,14,54.613337520870196,1.5344565370577046,752.8544743044614
409,Produto E,Filial Leste,2025-03-14,18,93.98145109674775,3.3210504296307275,1635.4850348038683
410,Produto D,Filial Oeste,2025-03-19,19,49.51860087257457,1.2220933523926458,929.3553095191467
411,Produto B,Filial Sul,2025-03-18,9,98.23920132433346,9.986058920286505,795.8607911753998
412,Produto B,Filial Oeste,2025-02-26,7,56.105628151913656,2.1267459469645433,384.3868278542168
413,Produto E,Filial Oeste,2025-01-25,3,20.28571929981815,2.282799386192642,59.467911072471416
414,Produto D,Filial Leste,2025-01-02,6,78.83208752133496,18.820965200767542,383.9707665714353
415,Produto A,Filial Oeste,2025-03-05,2,71.10079525700564,17.45310144352111,117.3830026673004
416,Produto E,Filial Leste,2025-02-04,6,79.5688049175028,9.04173193622732,434.2464412320152
417,Produto B,Filial Norte,2025-01-07,3,95.62978258531129,19.716106417004116,230.3259386533249
418,Produto B,Filial Norte,2025-03-26,16,79.88403723859163,0.003730563413262278,1278.0969138228058
419,Produto E,Filial Leste,2025-01-18,8,65.02029419949821,12.279589125467876,456.2885537890353
420,Produto D,Filial Norte,2025-03-08,2,87.15780121247568,12.328563547437401,152.8249926068929
421,Produto B,Filial Sul,2025-02-11,17,70.59217954190784,9.148861117397765,1090.2745842898685
422,Produto D,Filial Oeste,2025-02-08,9,46.73071511433308,7.938959458685857,387.1870432798697
423,Produto B,Filial Sul,2025-02-10,12,89.70577878175959,9.107662709612152,978.4281482314333
424,Produto B,Filial Oeste,2025-03-16,3,29.97104147059356,8.29920872159361,82.45104654874086
425,Produto C,Filial Norte,2025-01-24,11,74.31771474178518,14.609849549645988,698.0600927220281
426,Produto B,Filial Sul,2025-03-01,1,89.34071094466813,2.7071086994656812,86.92216078652054
427,Produto A,Filial Norte,2025-02-15,13,75.81848677329667,3.952784411822603,946.6800908089461
428,Produto E,Filial Oeste,2025-01-19,15,72.75478771484713,3.610364567848472,1051.9211195666537
429,Produto E,Filial Leste,2025-03-09,5,77.73744646646524,5.249411702425291,368.28343927244015
430,Produto D,Filial Leste,2025-03-31,17,51.854972347057995,10.505168375631666,788.9278432446594
431,Produto B,Filial Sul,2025-02-11,6,88.67536139413234,2.2241749467643745,520.2183973323076
432,Produto A,Filial Norte,2025-02-01,11,28.30928276224821,17.363385906530084,257.3321602375508
433,Produto D,Filial Norte,2025-02-08,18,21.464777440030538,5.947230626169446,363.3879172010028
434,Produto C,Filial Sul,2025-02-05,4,35.69579021066604,3.250759749374157,138.14162332110666
435,Produto D,Filial Leste,2025-02-05,3,57.84196570974938,13.512426191964867,150.0783383557136
436,Produto D,Filial Oeste,2025-01-03,13,55.95056158684043,0.7617260119863856,721.816830869953
437,Produto B,Filial Sul,2025-03-14,9,83.8538881908928,12.399371297483285,661.1087992205477
438,Produto C,Filial Oeste,2025-01-08,6,46.41117907636156,13.963968613529996,239.58201958181536
439,Produto D,Filial Leste,2025-03-11,12,53.59099836623578,4.298330627734384,615.4497608370148
440,Produto A,Filial Norte,2025-02-10,2,11.203091493345607,0.8392814688726857,22.21813204500221
441,Produto A,Filial Leste,2025-03-09,3,46.876531279864516,7.2729071783889925,130.40173401429445
442,Produto E,Filial Sul,2025-01-13,3,68.2996809655308,1.9718846048387295,200.85867021425258
443,Produto C,Filial Norte,2025-02-18,12,11.395749756393297,2.3295569934667415,133.5633512518232
444,Produto C,Filial Sul,2025-03-01,15,35.279376866761936,5.085224628897292,502.280119581178
445,Produto E,Filial Sul,2025-01-02,9,28.716072336045094,5.909358492535186,243.1722300905922
446,Produto D,Filial Leste,2025-03-01,8,13.77868860186294,10.599406820428412,98.5458347394519
447,Produto C,Filial Sul,2025-01-05,11,53.13340809230837,13.567837710060262,505.1678886377194
448,Produto A,Filial Leste,2025-02-13,16,26.355096390534086,11.855418817403695,371.6894293392932
449,Produto A,Filial Norte,2025-01-27,4,76.8773385668242,2.967206745790336,298.3849159635413
450,Produto B,Filial Leste,2025-02-01,1,86.31350953870137,3.4417206490525287,83.34283965798596
451,Produto C,Filial Norte,2025-01-21,7,59.1026664402233,17.57538499585829,341.00601689375287
452,Produto D,Filial Leste,2025-01-08,2,98.35366082690274,11.167046301282273,174.74092396671278
453,Produto E,Filial Oeste,2025-03-13,5,50.54307143235358,17.39875665795378,208.7460271319131
454,Produto E,Filial Oeste,2025-02-19,7,56.203138920242395,7.4309302263974875,364.1870601742375
455,Produto D,Filial Sul,2025-03-08,4,99.02959785619751,12.288000148626477,347.44336289777505
456,Produto B,Filial Leste,2025-02-13,5,30.839359236854392,10.473268321092215,138.04735197736548
457,Produto E,Filial Leste,2025-02-27,1,94.82913457092147,6.382469796409252,88.77669369873612
458,Produto C,Filial Norte,2025-01-03,1,13.855379960720192,9.398307440671907,12.553208754938462
459,Produto B,Filial Sul,2025-03-27,15,50.17482012368753,10.04981753653864,676.985133779557
460,Produto C,Filial Leste,2025-03-11,19,16.30031609197592,4.015419495133572,297.27001041515615
461,Produto A,Filial Sul,2025-01-02,10,75.63112686222787,6.300207447534632,708.6620897499943
462,Produto B,Filial Oeste,2025-03-28,18,64.7568042292016,15.828195010139511,981.1254775224476
463,Produto E,Filial Leste,2025-02-13,3,73.59708371208367,18.315764789082543,180.35164490326275
464,Produto B,Filial Leste,2025-01-02,11,43.703235997121524,7.195881870905989,446.1424303710594
465,Produto B,Filial Sul,2025-03-22,15,43.25337406282423,6.1394456441803635,608.9678500944469
466,Produto B,Filial Leste,2025-02-04,11,14.078735106480515,3.9039432914376504,148.8202019894897
467,Produto B,Filial Sul,2025-03-28,17,41.49504455766758,13.569823373011625,609.6920851448735
468,Produto C,Filial Leste,2025-01-30,17,93.63595620358535,6.461994033326746,1488.9485071112408
469,Produto A,Filial Norte,2025-01-08,6,44.13038834624041,19.75499078198377,212.47460517832184
470,Produto D,Filial Sul,2025-01-22,5,84.8230935599773,6.513696041279065,396.48987536335306
471,Produto B,Filial Leste,2025-02-13,8,85.80929542749406,7.8827209356525625,632.3615050567603
472,Produto E,Filial Oeste,2025-02-27,2,43.591704074131044,12.066683924240696,76.6632618526306
473,Produto B,Filial Leste,2025-02-05,16,66.87898123565702,16.0336858638261,898.4930476064732
474,Produto E,Filial Oeste,2025-03-10,12,18.583444204575276,9.390373306912673,202.06067304580597
475,Produto C,Filial Oeste,2025-03-18,6,19.331072266084885,8.453120675779166,106.1819603970639
476,Produto E,Filial Norte,2025-01-31,1,14.379189729554199,19.912756671896165,11.515896667317788
477,Produto D,Filial Sul,2025-02-16,4,62.29135840375985,0.20987282279888886,248.64250308607245
478,Produto A,Filial Leste,2025-02-24,17,48.34638798634873,17.901305777024916,674.7598050930153
479,Produto E,Filial Norte,2025-03-21,13,59.32291209978161,2.9828165187947486,748.19444021711
480,Produto E,Filial Leste,2025-03-03,18,56.89658714575491,15.718505524178267,863.1592911392494
481,Produto A,Filial Oeste,2025-01-30,5,41.518269198165726,12.358631196925959,181.93589714308757
482,Produto D,Filial Sul,2025-02-24,3,70.97260733411255,6.836945709961841,198.36074610520464
483,Produto B,Filial Leste,2025-01-16,11,78.26516928247516,17.477499110420368,710.4501251909772
484,Produto E,Filial Leste,2025-01-12,13,11.316543298990814,0.2581445596198395,146.73529335565678
485,Produto A,Filial Oeste,2025-01-17,4,28.651806979199048,4.533813041498473,109.41115047100462
486,Produto C,Filial Leste,2025-01-16,14,74.19122812750031,11.33785592499072,920.913470027924
487,Produto A,Filial Leste,2025-01-12,11,44.79581553704508,7.03084520099396,458.10920199123905
488,Produto C,Filial Oeste,2025-01-08,10,69.62355522474473,12.207549906366552,611.2422497409734
489,Produto D,Filial Norte,2025-03-25,19,41.226639376110256,0.4822038681733365,779.5290156000948
490,Produto B,Filial Oeste,2025-01-03,18,45.16796370966734,2.3291786096342504,794.0865808896193
491,Produto A,Filial Norte,2025-01-16,6,24.281098632071643,2.5419248043687848,141.98334817901858
492,Produto E,Filial Sul,2025-01-30,15,33.2407917699544,3.7856729183201887,479.73606177126044
493,Produto D,Filial Norte,2025-01-23,10,64.48705817568285,9.186628816010856,585.6287150671787
494,Produto A,Filial Norte,2025-01-05,5,48.984680018364976,15.042573990871425,208.08061641205407
495,Produto E,Filial Sul,2025-03-25,5,79.68724146501356,18.110776758578023,326.2763152910797
496,Produto A,Filial Norte,2025-03-06,10,86.73264594445085,16.707450605684922,722.4183196427813
497,Produto C,Filial Oeste,2025-01-30,5,58.748177639508384,3.9377574355136713,282.17408453139933
498,Produto A,Filial Norte,2025-01-21,3,78.24405628504532,8.823011044612647,214.0217236717885
499,Produto A,Filial Sul,2025-03-25,6,37.6214061875113,3.9882319551707,216.72586346373845
500,Produto A,Filial Oeste,2025-03-11,4,47.34740938600704,5.289436333343815,179.37199324418617
501,Produto D,Filial Sul,2025-01-22,18,74.14999085951479,10.070939630237723,1200.2830207960728
502,Produto A,Filial Sul,2025-03-23,9,44.75907935353276,1.3621804944704508,397.34441914566946
503,Produto E,Filial Leste,2025-03-13,17,62.96544416430899,4.363486591865464,1023.7052426617443
504,Produto C,Filial Leste,2025-02-01,13,26.683550117426034,18.707563226142344,281.9922054069793
505,Produto C,Filial Sul,2025-02-02,15,63.97941834734482,9.32232585316978,870.2257273506397
506,Produto A,Filial Sul,2025-01-16,17,87.53623365042043,8.907730519557443,1355.5586114478037
507,Produto D,Filial Sul,2025-03-17,13,88.1775675841083,0.291343095025578,1142.9686882846763
508,Produto D,Filial Leste,2025-02-07,16,75.19099656965857,4.9479949411669155,1143.528797810862
509,Produto E,Filial Leste,2025-01-14,4,77.11780411685135,17.325848719643627,255.02596015861832
510,Produto A,Filial Norte,2025-02-05,5,60.213470063563065,3.292568565173375,291.15450138125055
511,Produto C,Filial Norte,2025-01-23,5,62.62012811492423,8.302498790694422,287.10546367725675
512,Produto D,Filial Sul,2025-03-07,9,22.02855232694662,0.28661811734002507,197.6887305449088
513,Produto A,Filial Oeste,2025-03-26,17,49.9473269579171,9.566709633411117,767.8731907094458
514,Produto D,Filial Oeste,2025-01-02,13,50.56986554977274,0.42042213452434307,654.6443623408298
515,Produto D,Filial Leste,2025-03-14,2,96.26480521009661,16.392191061315998,160.9697888305078
516,Produto C,Filial Leste,2025-03-06,13,48.79781763609605,16.497075349742072,529.7188635913142
517,Produto B,Filial Leste,2025-03-16,19,59.440838041248185,15.754843766047397,951.4445106177849
518,Produto E,Filial Sul,2025-03-08,3,57.99262593511922,5.6672813778223645,164.11806193496406
519,Produto E,Filial Oeste,2025-02-21,10,67.30855453398945,16.74474436443636,560.3790914187567
520,Produto C,Filial Norte,2025-03-03,2,77.34095481987063,10.859962652105386,137.88351202330196
521,Produto D,Filial Sul,2025-01-23,13,30.253768855378492,7.476162177340049,363.8953244029064
522,Produto A,Filial Norte,2025-01-26,19,57.58519771885921,12.50659919408466,957.281709055766
523,Produto D,Filial Norte,2025-03-09,17,84.33259365844273,0.24682092120748012,1430.1155339562456
524,Produto C,Filial Sul,2025-03-23,14,51.680324245376035,2.859217552015043,702.8373988105953
525,Produto E,Filial Norte,2025-02-24,12,35.06117917362157,14.845870763405255,358.27250190455703
526,Produto D,Filial Oeste,2025-01-06,12,68.92381678206692,4.8832321743230604,786.6972814223226
527,Produto E,Filial Norte,2025-02-04,11,84.13906562192106,11.960182346574992,814.8346794371841
528,Produto A,Filial Oeste,2025-01-22,7,15.682626363465218,7.702052056460593,101.3231962199164
529,Produto E,Filial Oeste,2025-02-12,4,79.91114350665045,17.09611557598523,264.9977682186483
530,Produto E,Filial Oeste,2025-01-15,19,83.94831396655941,19.04830611993287,1291.1940606540495
531,Produto B,Filial Leste,2025-03-27,1,51.53706348297461,17.67129456740381,42.42979718350826
532,Produto B,Filial Norte,2025-03-01,3,98.49750911366206,5.4123998938719335,279.49929010478314
533,Produto B,Filial Sul,2025-01-12,13,80.80375066365782,3.8832573809216453,1009.6571296753476
534,Produto E,Filial Sul,2025-02-18,15,79.62963084060992,9.4886978724147,1081.1072362983793
535,Produto C,Filial Norte,2025-02-11,2,77.30547169708646,0.1466830167236055,154.38415539821753
536,Produto E,Filial Leste,2025-02-07,11,23.554729289644662,0.5161878572636347,257.7645690096422
537,Produto C,Filial Leste,2025-03-23,4,29.550779780770974,11.065812792460001,105.12298324607495
538,Produto C,Filial Oeste,2025-02-14,19,51.75911183179825,10.408988083305719,881.0587289348283
539,Produto B,Filial Norte,2025-02-04,17,33.76039149635193,19.891639780705198,459.7632325328102
540,Produto D,Filial Norte,2025-01-30,3,47.37168751006364,4.036836707275162,136.37810951940514
541,Produto A,Filial Sul,2025-03-29,18,89.96176989306286,5.162078583209368,1535.7217074540654
542,Produto B,Filial Norte,2025-01-30,8,84.18942026913423,2.270812846525734,658.2210887859775
543,Produto B,Filial Leste,2025-03-19,19,66.7035890631984,18.350860193074894,1034.7952271185056
544,Produto D,Filial Norte,2025-01-06,5,87.23083548259932,15.556224889169014,368.30505271112565
545,Produto A,Filial Sul,2025-03-08,7,80.53951501155242,16.44678222913695,471.0534945843953
546,Produto E,Filial Oeste,2025-03-21,8,48.60864386568014,18.055275759290176,318.6577533830424
547,Produto E,Filial Sul,2025-01-07,5,28.09586368449506,10.497999734516766,125.73179994743288
548,Produto B,Filial Sul,2025-02-21,17,56.27809360084053,9.023863829014473,870.3937961685012
549,Produto A,Filial Oeste,2025-01-14,5,76.26059942756952,6.60782947331233,356.1071453103496
550,Produto B,Filial Sul,2025-03-14,4,49.27776388566337,11.78429228695711,173.8829126276008
551,Produto C,Filial Sul,2025-01-15,19,70.00947188055075,9.085567935796451,1209.3255612756689
552,Produto B,Filial Norte,2025-01-21,2,18.489468366193925,9.031311732111503,33.639253680865615
553,Produto B,Filial Norte,2025-02-04,11,77.3204262734263,18.738557274622778,691.1486330231762
554,Produto E,Filial Oeste,2025-03-07,13,83.14422579037559,19.680630285582602,868.1519354139027
555,Produto E,Filial Norte,2025-01-02,15,73.61540702024871,15.929687786591614,928.3305377864166
556,Produto E,Filial Norte,2025-02-04,12,97.0537228773729,15.135161804938566,988.37381858599
557,Produto C,Filial Sul,2025-03-23,11,84.39868517145764,13.61116323558203,802.0214660049414
558,Produto E,Filial Leste,2025-03-19,7,91.27843550888845,3.3214970466702742,617.7263747844971
559,Produto A,Filial Norte,2025-01-20,5,94.02139751118833,1.1821164175130905,464.5497756761666
560,Produto D,Filial Leste,2025-03-23,17,82.12131926864276,13.814526302265262,1203.203016314651
561,Produto A,Filial Norte,2025-01-10,9,70.68329578058493,14.57572444513152,543.4262402298264
562,Produto A,Filial Norte,2025-01-25,14,10.514672322471036,0.9394598219627959,145.8224768082653
563,Produto E,Filial Oeste,2025-03-07,12,51.924317790081226,18.56103500457696,507.43952387011757
564,Produto D,Filial Oeste,2025-01-25,6,61.404606876012494,1.8228127888935508,361.7118950934404
565,Produto D,Filial Oeste,2025-02-23,17,37.362724520319965,5.718010675424048,598.8474390415195
566,Produto D,Filial Leste,2025-02-02,19,38.62940022131249,13.44779625597409,635.2573465082661
567,Produto C,Filial Sul,2025-02-05,19,96.50434741391487,3.3974518880895266,1771.2875141716345
568,Produto E,Filial Norte,2025-01-14,16,90.25397786824713,1.1083177688448886,1428.0588319111043
569,Produto D,Filial Norte,2025-03-06,12,86.42611049515338,6.622929783282996,968.4260385916417
570,Produto C,Filial Norte,2025-03-21,12,46.54106215354996,15.319431497103581,472.93483222694977
571,Produto B,Filial Leste,2025-02-23,6,11.232869536802308,8.273573579705207,61.82105886337606
572,Produto B,Filial Oeste,2025-02-21,4,17.220002181014266,13.059458438158787,59.88465261253868
573,Produto C,Filial Sul,2025-01-03,6,38.09767313958433,11.592381944562733,202.08747214351578
574,Produto C,Filial Leste,2025-02-10,11,11.416862169610928,0.4443696405116082,125.02742010253134
575,Produto E,Filial Oeste,2025-01-06,1,11.54348037236783,19.770799740914132,9.261241984815257
576,Produto E,Filial Leste,2025-01-25,15,92.494297147817,0.8285617763877551,1375.9188713446752
577,Produto B,Filial Sul,2025-01-13,11,73.55426519071486,19.3560547529697,652.4876748198111
578,Produto D,Filial Oeste,2025-01-08,19,37.80603910613374,10.997283567287964,639.3196338213762
579,Produto B,Filial Leste,2025-01-21,18,21.938011984085783,19.26318054130133,318.8169563115423
580,Produto D,Filial Sul,2025-03-09,17,56.04721461055694,2.295071988276709,930.9351416929522
581,Produto D,Filial Norte,2025-01-25,19,10.4811544768928,9.808170383710264,179.60975476476628
582,Produto E,Filial Sul,2025-03-20,14,94.45723694723296,3.3900818373211727,1277.5708303882914
583,Produto A,Filial Norte,2025-03-09,18,47.33336074500525,1.0194975404488482,843.3143693351667
584,Produto A,Filial Leste,2025-02-14,19,46.21014597135995,12.35058230124623,769.5555533711813
585,Produto C,Filial Oeste,2025-03-01,15,45.153424682360395,4.1556684192338285,649.1549710894951
586,Produto E,Filial Oeste,2025-01-12,15,16.23954973489883,11.75394036575092,214.96144115088538
587,Produto D,Filial Leste,2025-02-01,4,67.44900158126438,2.2472896389797126,263.7329086285335
588,Produto A,Filial Oeste,2025-01-13,7,75.97032576655181,6.639729428654055,496.48271182710005
589,Produto D,Filial Oeste,2025-01-31,13,70.85128578294612,15.632651161064944,777.0795686337963
590,Produto A,Filial Norte,2025-03-19,3,22.45919439964549,8.741030436843753,61.4880881439077
591,Produto A,Filial Leste,2025-01-20,16,62.09561512320333,12.554908297946728,868.7930813990274
592,Produto A,Filial Sul,2025-01-18,9,61.253603575502844,12.94915881491092,479.89599451789525
593,Produto E,Filial Norte,2025-03-01,8,88.15697091472438,16.875100879745872,586.2431451226913
594,Produto B,Filial Leste,2025-03-04,13,44.12148925380823,6.498455888132826,536.3055585870092
595,Produto D,Filial Norte,2025-01-06,17,43.43373492934908,13.745911251650352,636.8773286356228
596,Produto E,Filial Sul,2025-02-01,17,65.6674352846367,19.232316140923313,901.6471309940054
597,Produto E,Filial Sul,2025-02-12,17,66.97653881495617,14.604866687157362,972.3099783591136
598,Produto E,Filial Leste,2025-01-02,1,52.235670459321135,9.797409534354891,47.1179279014054
599,Produto E,Filial Sul,2025-03-01,8,49.8753426097379,12.614348889838585,348.67114306354586
600,Produto E,Filial Norte,2025-01-23,19,54.47329035740944,14.793657955262162,881.8792639941921
601,Produto C,Filial Sul,2025-03-24,6,87.49407695529807,12.245515313877448,460.679858178008
602,Produto D,Filial Norte,2025-01-31,3,51.5050211128519,0.33351626979678306,153.9997304630348
603,Produto E,Filial Norte,2025-01-05,5,94.59386127728402,3.895469953744517,454.54492916570325
604,Produto D,Filial Sul,2025-03-24,13,55.360338723669344,16.20936434430932,603.0281363301782
605,Produto C,Filial Leste,2025-02-03,15,95.42806238628023,5.453012946249693,1353.365366850017
606,Produto C,Filial Oeste,2025-01-10,14,84.95487116821681,14.631242391222678,1015.3488526222168
607,Produto D,Filial Sul,2025-03-30,16,42.61881903542462,7.442404304833974,631.1512674058044
608,Produto A,Filial Norte,2025-01-02,18,87.72772791669544,10.437686563158863,1414.277687659859
609,Produto B,Filial Norte,2025-01-11,11,19.90569557810037,1.359465996388074,215.9859285690873
610,Produto A,Filial Sul,2025-02-19,3,93.2542457808713,3.624511220994191,269.62270553547035
611,Produto A,Filial Leste,2025-01-31,10,66.84791635746025,19.143939270384692,540.505918464705
612,Produto A,Filial Leste,2025-02-25,10,14.895167367008007,17.80276106893828,122.43416309841108
613,Produto E,Filial Norte,2025-03-20,16,67.98310512857304,13.045502217981005,945.829882258763
614,Produto C,Filial Norte,2025-03-14,12,97.68228887302806,9.192891947714747,1064.4295392585122
615,Produto A,Filial Leste,2025-03-28,2,16.282058915316604,13.515225857904476,28.163003757188985
616,Produto C,Filial Oeste,2025-03-24,9,59.92189388020777,12.37220578187878,472.5741047485449
617,Produto D,Filial Sul,2025-01-09,3,77.30149147834352,11.371045112092242,205.53451203006284
618,Produto B,Filial Norte,2025-01-21,15,82.92327280295783,1.1835414372708364,1229.1276226229052
619,Produto D,Filial Norte,2025-03-14,3,47.24447187887163,12.656052213230138,123.79556055005042
620,Produto D,Filial Leste,2025-01-28,19,28.37499032514187,15.378400891423368,456.2160406407402
621,Produto E,Filial Sul,2025-03-03,18,13.810805089514545,19.88163309291151,199.16984689992205
622,Produto B,Filial Leste,2025-01-07,8,62.17535413875023,0.22157105188619353,496.3007324205683
623,Produto D,Filial Sul,2025-03-21,17,50.76199632408497,14.603469066213533,736.9327261895811
624,Produto D,Filial Sul,2025-01-16,8,95.38699556347399,11.43578631871961,675.8299405999084
625,Produto B,Filial Sul,2025-01-04,7,15.454441694341881,8.681043521619134,98.78984419382967
626,Produto B,Filial Norte,2025-01-04,7,71.68558091014052,2.5514034914274175,488.9961474716441
627,Produto D,Filial Oeste,2025-02-09,3,12.246959990805145,8.181702972697524,33.73485030351709
628,Produto B,Filial Leste,2025-01-17,1,25.429075903948846,7.087543659722706,23.626779046992446
629,Produto D,Filial Oeste,2025-02-21,4,50.82210999305507,6.056597779574844,190.97607683073045
630,Produto D,Filial Leste,2025-02-21,5,50.93851985225814,14.617592466444155,217.46267305908148
631,Produto E,Filial Sul,2025-02-05,1,71.71304886402795,14.014510425685277,61.66281615440198
632,Produto A,Filial Norte,2025-02-07,15,91.9191731380981,11.78040181961823,1216.3608778973933
633,Produto D,Filial Oeste,2025-02-19,5,67.51289430234287,18.773296265867444,274.19249318651055
634,Produto C,Filial Norte,2025-03-04,13,95.8181588066358,6.997087683617089,1158.4778168354042
635,Produto A,Filial Leste,2025-03-04,8,89.34540758901979,4.8760387542035915,679.9111271190242
636,Produto A,Filial Norte,2025-03-03,8,62.60498159777112,13.118066261967991,435.13934902786116
637,Produto A,Filial Norte,2025-01-07,5,85.04127558269445,3.976281218748059,408.29897656758
638,Produto E,Filial Oeste,2025-01-27,9,67.83198492912706,6.300210143668492,572.0258460057346
639,Produto D,Filial Sul,2025-03-27,1,17.070204783135445,4.492048801497697,16.30340285376141
640,Produto E,Filial Norte,2025-01-14,4,76.65082509335589,1.3830713543700246,302.36275795440565
641,Produto D,Filial Sul,2025-03-12,3,18.541759714061158,16.549974832713467,46.41930944352549
642,Produto E,Filial Leste,2025-03-27,2,63.467450251274116,5.0908108584332235,120.47288480462309
643,Produto E,Filial Norte,2025-01-05,8,73.2376185272406,9.460550066860414,530.4714956695581
644,Produto C,Filial Oeste,2025-02-24,9,15.98748473897697,0.866305465086239,142.64085856458047
645,Produto E,Filial Leste,2025-01-02,2,30.771518853387857,13.986789325052861,52.935142678491154
646,Produto B,Filial Leste,2025-03-03,14,92.41050090354848,6.611220046125816,1208.2145508032293
647,Produto C,Filial Oeste,2025-01-21,14,65.46830430096068,14.894734556584199,780.0376381929011
648,Produto E,Filial Norte,2025-03-20,4,32.16574169294785,8.248061209357322,118.05076651867896
649,Produto A,Filial Norte,2025-01-21,6,72.1611794033206,3.9151121281124923,416.0159299002731
650,Produto B,Filial Leste,2025-01-10,11,63.709877796552064,10.263501645640718,628.8811478451398
651,Produto B,Filial Norte,2025-03-28,3,55.14181299261536,2.6100911927487958,161.10768416451927
652,Produto B,Filial Sul,2025-02-27,8,97.85682774892753,8.810783197459894,713.878998496462
653,Produto C,Filial Oeste,2025-02-08,3,71.5108399666758,6.34610954840973,200.91805117020778
654,Produto E,Filial Sul,2025-01-05,14,43.78969987011214,18.239191683992665,501.23937602140217
655,Produto E,Filial Norte,2025-03-06,13,82.00660888691812,1.218574434414399,1053.094865114395
656,Produto A,Filial Leste,2025-01-13,13,89.6124963629069,13.880348282114841,1003.261606924693
657,Produto A,Filial Oeste,2025-03-26,2,21.26985035651483,3.655023319748718,40.98486473181711
658,Produto B,Filial Norte,2025-03-31,13,28.049768006073982,6.380901486644797,341.3792192508619
659,Produto A,Filial Norte,2025-03-26,19,29.46043082150017,8.310281261241318,513.2315370297416
660,Produto C,Filial Leste,2025-02-22,6,72.20906284478863,18.160301787499485,354.5740746854991
661,Produto E,Filial Leste,2025-03-23,16,64.2735599547955,4.851565321476503,978.4845793464037
662,Produto B,Filial Sul,2025-02-14,2,65.70924082287294,1.8261760508934044,129.01854880748354
663,Produto A,Filial Oeste,2025-02-01,8,94.66959697205509,6.373792079810472,709.084429586094
664,Produto C,Filial Oeste,2025-02-05,17,79.83203795265753,2.093519410710667,1328.7325586165966
665,Produto C,Filial Leste,2025-03-22,2,21.514323206060485,2.57192971921105,41.92197986727339
666,Produto A,Filial Sul,2025-03-01,10,41.27563741826629,11.477011959500533,365.38427575411794
667,Produto E,Filial Oeste,2025-01-11,16,49.185428155816204,1.2180386619898664,777.3812899970098
668,Produto A,Filial Leste,2025-03-04,6,45.63654298728444,0.6186176278713207,272.1253637256842
669,Produto B,Filial Norte,2025-01-21,2,70.23777482456913,14.288282029409956,120.40400693290557
670,Produto A,Filial Oeste,2025-02-21,2,90.27037929309063,7.23294189682089,167.48235041756308
671,Produto C,Filial Sul,2025-02-24,13,37.54463171705092,2.5075069846774656,475.8415669068677
672,Produto A,Filial Sul,2025-01-26,15,59.66894227790671,5.072255417194165,849.635716812497
673,Produto E,Filial Sul,2025-03-09,2,81.04684797222271,12.841730147047981,141.27806092588327
674,Produto D,Filial Norte,2025-02-03,7,47.45962529608144,5.5107313428170235,313.9097699479474
675,Produto A,Filial Oeste,2025-02-21,3,25.130631555936628,9.890422502408159,67.93531775259295
676,Produto E,Filial Oeste,2025-03-23,8,52.745586873737345,2.4339061345334456,411.69447039297427
677,Produto E,Filial Norte,2025-02-21,14,14.970026866872562,11.761872752108939,184.92979898168286
678,Produto C,Filial Oeste,2025-01-29,7,94.81451086020492,6.321553676865282,621.7453246390386
679,Produto E,Filial Norte,2025-02-07,7,16.73390846754757,12.539368690574332,102.44907391920982
680,Produto E,Filial Norte,2025-02-11,1,49.461104372552036,16.16789764608046,41.464283642976795
681,Produto E,Filial Norte,2025-01-21,17,57.689313497967355,12.232928387799848,860.7477585359102
682,Produto E,Filial Sul,2025-02-11,9,98.67734490585569,5.914951251900414,835.5656525220422
683,Produto B,Filial Oeste,2025-01-13,13,24.94196412785747,5.114874030966008,307.66078306429483
684,Produto B,Filial Norte,2025-03-05,19,20.29883667511227,6.54841917466896,360.4220914788452
685,Produto C,Filial Oeste,2025-01-17,19,10.783553235628922,3.292410264730097,198.1417740179324
686,Produto A,Filial Sul,2025-01-09,17,24.001429318237207,3.6234370170004015,393.23979494308725
687,Produto E,Filial Norte,2025-02-10,10,28.654568116090086,15.813822038003359,241.2318570845315
688,Produto A,Filial Leste,2025-01-01,10,66.75228474247831,7.694651530148899,616.1592904313185
689,Produto A,Filial Sul,2025-01-02,4,29.773611135226037,8.719903611411716,108.70952377039113
690,Produto C,Filial Leste,2025-03-01,8,11.846873325639269,11.880989311336222,83.51478057674021
691,Produto E,Filial Oeste,2025-02-17,18,84.39565109522398,11.793069903030952,1339.97063339603
692,Produto E,Filial Oeste,2025-01-29,14,42.90361309035701,1.3475374304385146,592.556591829355
693,Produto D,Filial Sul,2025-01-10,18,41.83270179226605,16.630815726753312,627.760480386097
694,Produto A,Filial Oeste,2025-02-27,14,37.22311262511339,3.5465310644787884,502.64176721776937
695,Produto A,Filial Leste,2025-03-01,15,97.78359494317787,14.461432720993377,1254.640292224523
696,Produto B,Filial Norte,2025-01-21,4,25.310387557835334,15.453419762563332,85.59626849996575
697,Produto D,Filial Norte,2025-01-28,13,90.84142575579116,14.297990681826274,1012.0880531578701
698,Produto B,Filial Norte,2025-03-16,8,79.91229989258991,11.579552931082905,565.2705026246541
699,Produto B,Filial Sul,2025-02-03,18,16.883195994938177,0.2921799421776572,303.00960028756367
700,Produto B,Filial Oeste,2025-01-08,12,98.80561913507638,7.207509847263413,1100.2103328751941
701,Produto C,Filial Leste,2025-02-28,14,34.422936718510954,12.096788587251623,423.6241357340898
702,Produto C,Filial Oeste,2025-03-27,2,18.87246343201711,7.749025918450774,34.82006269843992
703,Produto B,Filial Oeste,2025-03-13,18,84.63828107131835,17.26959789825626,1260.3886247215032
704,Produto D,Filial Oeste,2025-02-18,2,73.60079803099299,6.176045506992307,138.1103585021787
705,Produto A,Filial Norte,2025-03-20,11,65.54969252901107,5.870695849173209,678.7161639562107
706,Produto D,Filial Leste,2025-01-17,9,24.038277732903985,5.319953861853159,204.83507203496436
707,Produto E,Filial Leste,2025-03-01,12,53.06465046303657,6.65561737921591,594.3944443751824
708,Produto C,Filial Oeste,2025-03-28,17,80.25004241984924,11.148099286283744,1212.1626962311936
709,Produto A,Filial Norte,2025-03-29,15,37.32615443294562,14.140305885451816,480.72183031276467
710,Produto A,Filial Norte,2025-02-14,17,38.05208456635373,13.251358354775702,561.1643301430663
711,Produto E,Filial Leste,2025-03-24,18,10.282681544330991,16.15435639962959,155.18844936397488
712,Produto E,Filial Norte,2025-03-10,6,25.68190614808416,17.7182799099485,126.78908478333803
713,Produto B,Filial Norte,2025-02-01,17,88.78650626096508,16.321580846867025,1263.0174626280414
714,Produto C,Filial Norte,2025-02-13,18,49.75718424739364,0.3789080674870915,892.2357047182652
715,Produto C,Filial Sul,2025-03-06,8,98.58110493109906,14.718359071039774,672.5726714491312
716,Produto D,Filial Oeste,2025-03-28,9,45.61371672164133,4.167991472366632,393.41286808608464
717,Produto B,Filial Leste,2025-01-08,6,74.36678093022171,2.658560854159653,434.33816882347304
718,Produto B,Filial Leste,2025-03-18,5,35.37271386142562,12.76977569598271,154.27848821869893
719,Produto B,Filial Sul,2025-03-13,12,42.742867702684016,6.394863908153898,480.11423379186135
720,Produto B,Filial Oeste,2025-03-28,11,27.165338883180517,1.1423432674088652,295.4051920971767
721,Produto C,Filial Leste,2025-02-12,1,41.23561316494555,2.752594687967227,40.10056386741654
722,Produto C,Filial Norte,2025-01-01,11,59.25137683785788,0.018588337399221277,651.6439929121934
723,Produto B,Filial Leste,2025-02-20,19,99.25955928813245,18.064472546894145,1545.2480255568335
724,Produto D,Filial Norte,2025-01-24,9,69.7781541764607,0.4923596768247718,624.9113521385688
725,Produto A,Filial Sul,2025-01-24,2,27.932135896748264,4.189115390190221,53.524052986177466
726,Produto A,Filial Norte,2025-01-17,12,14.046529743239603,8.325255613758147,154.52544284702807
727,Produto D,Filial Leste,2025-01-05,4,21.372083318305954,7.131426519016381,79.39179560351202
728,Produto B,Filial Leste,2025-01-20,4,60.62996811457426,18.234517538255513,198.29754378113398
729,Produto C,Filial Leste,2025-01-21,18,78.86442959350897,0.8057789146908423,1408.1212196757588
730,Produto A,Filial Sul,2025-02-27,15,94.63772865706723,10.24429415354103,1274.1414202981089
731,Produto E,Filial Sul,2025-01-31,19,11.424085479713874,13.60958925048748,187.51697303570444
732,Produto E,Filial Oeste,2025-01-11,13,57.04841274056828,18.633959473623378,603.4344501918902
733,Produto D,Filial Leste,2025-02-21,19,52.37806206008591,12.40742504247442,871.7065721543204
734,Produto B,Filial Norte,2025-01-15,17,69.04495197781335,16.075104720235252,985.0803619368431
735,Produto A,Filial Sul,2025-03-24,6,60.362096901880776,1.674498756906968,356.10800603769485
736,Produto B,Filial Leste,2025-01-07,16,71.83352355242326,7.7187902187385475,1060.621513002937
737,Produto A,Filial Leste,2025-01-28,12,69.22743262742713,7.478942689581349,768.5994313890399
738,Produto D,Filial Sul,2025-02-20,19,20.531055237215156,17.72576432911435,320.9436066601361
739,Produto D,Filial Oeste,2025-02-27,5,81.97461222568477,3.0274234252654986,397.46446806196917
740,Produto E,Filial Sul,2025-01-05,17,21.090931814469236,3.0377234467326053,347.6542097713142
741,Produto B,Filial Sul,2025-01-05,1,72.86775626882235,6.57116299771597,68.07949723161963
742,Produto E,Filial Norte,2025-01-08,10,47.453083087654605,1.0893209473367516,469.3616671342367
743,Produto B,Filial Norte,2025-03-05,15,56.24656611189381,3.649160813049801,812.9105769397866
744,Produto E,Filial Oeste,2025-01-10,11,91.29682129381395,19.304192770914703,810.3997760929245
745,Produto C,Filial Leste,2025-02-07,13,90.08953538261379,8.563678797343456,1070.8692402515596
746,Produto C,Filial Sul,2025-03-22,5,83.60706750895265,12.640384168448728,365.1940649192338
747,Produto C,Filial Oeste,2025-01-08,1,55.913354241069094,14.522225186892738,47.793491028636
748,Produto C,Filial Norte,2025-01-25,12,76.26158291204499,7.33922814014401,847.9748563061391
749,Produto A,Filial Sul,2025-03-14,11,56.160734996692845,2.9445414882103393,599.5776474009449
750,Produto C,Filial Leste,2025-03-07,17,88.26454742272998,4.131620324435616,1438.502454516403
751,Produto D,Filial Norte,2025-03-20,4,46.24982499096099,6.265329531612207,173.40848418993338
752,Produto D,Filial Norte,2025-02-19,15,97.32118099733891,12.721368407044514,1274.1089253687126
753,Produto A,Filial Norte,2025-03-08,9,93.90904824059898,7.965610981781088,777.8575690295374
754,Produto C,Filial Oeste,2025-02-18,19,76.74423575066069,0.1362939580025624,1456.1531218901287
755,Produto C,Filial Leste,2025-02-05,19,35.14742957584648,10.468143701349437,597.8947766698093
756,Produto C,Filial Sul,2025-03-09,12,21.848822991393256,18.430267838148357,213.86431673515844
757,Produto E,Filial Oeste,2025-03-19,5,86.92331050838777,16.24155222017358,364.0280782033217
758,Produto B,Filial Oeste,2025-02-10,10,24.877205752416515,16.50422742519262,207.71415138004593
759,Produto E,Filial Oeste,2025-03-30,17,86.88347100976021,15.901160352122623,1242.1558464051404
760,Produto B,Filial Norte,2025-03-03,5,54.16885060411244,6.474616512208473,253.30812629212522
761,Produto C,Filial Leste,2025-01-10,16,46.59011054272938,15.303876675087839,631.3602797197276
762,Produto C,Filial Oeste,2025-01-21,7,91.28717009509862,2.86322715622386,620.7138773555124
763,Produto E,Filial Sul,2025-02-05,9,64.34658842862501,13.15432294551907,502.940073440697
764,Produto E,Filial Leste,2025-01-12,3,61.8952606416746,12.831371333699888,161.85974973233976
765,Produto B,Filial Sul,2025-01-02,15,60.288935016195786,0.5113959817946934,899.7092973758422
766,Produto D,Filial Leste,2025-01-13,16,43.40525644175783,15.759402671818632,585.0375567738514
767,Produto B,Filial Sul,2025-02-22,18,80.70787931762145,18.064962101902612,1190.3045671015889
768,Produto E,Filial Norte,2025-02-01,14,32.75185996141957,5.348305569442154,434.002665754099
769,Produto E,Filial Oeste,2025-01-16,3,94.50054640371475,16.24781448372302,237.43881881380378
770,Produto A,Filial Sul,2025-02-01,12,90.45866845422647,1.648119437238964,1067.6136186811777
771,Produto E,Filial Leste,2025-02-01,9,40.37322931074084,11.999357165221321,319.758311939501
772,Produto A,Filial Oeste,2025-01-11,7,75.65173928484974,9.712937306685543,478.1261329368656
773,Produto D,Filial Oeste,2025-01-10,9,61.590087500463234,10.91847066618,493.788526771055
774,Produto B,Filial Leste,2025-01-15,13,40.38843717993112,18.5241040376869,427.7889337478232
775,Produto B,Filial Sul,2025-01-17,18,98.9669483195902,17.42630494493707,1470.9719899929626
776,Produto A,Filial Norte,2025-02-09,5,12.271361126343779,15.70167314479514,51.722760559339136
777,Produto B,Filial Norte,2025-01-18,13,32.7381427559158,5.4739691535674195,402.2988699600794
778,Produto E,Filial Sul,2025-02-24,4,56.80666550000353,18.236372573721834,185.78876133085993
779,Produto C,Filial Oeste,2025-03-14,2,56.97577031307075,1.950153849277505,111.72931027030978
780,Produto A,Filial Oeste,2025-01-25,16,63.00397674510077,17.066584331175754,836.0215987504605
781,Produto B,Filial Oeste,2025-02-28,9,77.65085548206274,6.563201447072156,652.9902607026008
782,Produto A,Filial Oeste,2025-03-19,9,66.11300474673668,1.0754462332396675,588.6179543475571
783,Produto A,Filial Sul,2025-03-30,6,64.02533144752333,13.387139684814965,332.72502535786566
784,Produto C,Filial Oeste,2025-01-22,11,14.816301662173895,4.625598566319109,155.4405492739755
785,Produto E,Filial Leste,2025-01-30,1,43.887725901036845,4.871422517292638,41.749769339166065
786,Produto A,Filial Oeste,2025-03-25,4,30.88501657310404,6.12094332457543,115.97824885151445
787,Produto B,Filial Norte,2025-03-26,13,33.88331004417779,1.2736953500503345,434.87261869612547
788,Produto D,Filial Oeste,2025-02-13,13,59.89037269063104,3.5425428839650808,750.9934972110859
789,Produto A,Filial Sul,2025-02-01,13,27.95547834366476,0.10279255171120605,363.047648523719
790,Produto A,Filial Norte,2025-02-20,2,36.45541909152078,8.908190422115736,66.41580187933555
791,Produto C,Filial Sul,2025-02-15,9,31.337623766560608,1.6851075483594258,277.2859599269444
792,Produto E,Filial Sul,2025-01-21,8,95.36526488963753,13.65305210088398,658.7599647048744
793,Produto D,Filial Norte,2025-02-01,7,95.01991589539857,4.712457023832968,633.7950023632197
794,Produto B,Filial Sul,2025-02-08,4,64.89474027364466,18.871482880703542,210.59256188970713
795,Produto D,Filial Sul,2025-01-12,18,93.207022185871,17.425032547973053,1385.3820281937572
796,Produto B,Filial Oeste,2025-02-16,3,80.72313809215359,5.788817899364165,228.15066787603965
797,Produto E,Filial Leste,2025-01-18,6,63.09530945216279,15.664309093133575,319.2711909378413
798,Produto B,Filial Sul,2025-01-21,12,10.579169034711613,16.064898093296126,106.55563572201186
799,Produto C,Filial Sul,2025-01-13,12,79.52646574714636,19.73126228228821,766.0186824809139
800,Produto C,Filial Sul,2025-01-21,8,73.22395074296219,11.956799736913698,515.7496767453589
801,Produto C,Filial Oeste,2025-01-08,1,65.37282879541726,1.6393146928732438,64.30116240782712
802,Produto C,Filial Leste,2025-02-15,4,78.43818805142246,12.93674457852762,273.163360044739
803,Produto D,Filial Norte,2025-01-07,11,56.162994829728916,12.499594967520704,540.5713274982154
804,Produto E,Filial Oeste,2025-01-23,3,73.36749441892051,12.767011548408636,192.00197380103663
805,Produto B,Filial Oeste,2025-03-16,13,94.1654878053844,6.14291296208423,1148.9527900393089
806,Produto B,Filial Leste,2025-03-27,17,43.822451426147765,17.193591701606657,616.8925669231172
807,Produto C,Filial Leste,2025-01-22,10,73.73096514105629,19.18944365910824,595.8240312599655
808,Produto C,Filial Oeste,2025-03-30,12,52.811903620986286,4.354250259563031,606.1480940458717
809,Produto A,Filial Norte,2025-01-22,15,70.69596866325834,1.763043162732889,1041.7435233211947
810,Produto E,Filial Oeste,2025-01-29,10,78.66040019989278,3.8907006633696817,755.9995948750629
811,Produto D,Filial Leste,2025-01-13,14,14.090725039221637,16.411042785114375,164.8960617402301
812,Produto B,Filial Norte,2025-03-23,13,68.19403995537957,13.53289269639695,766.5503781374399
813,Produto A,Filial Leste,2025-01-02,5,30.40670659662501,12.720946846782532,132.6934280630561
814,Produto A,Filial Norte,2025-01-29,6,70.302928402681,8.03586270218849,387.9208896037421
815,Produto B,Filial Sul,2025-03-26,2,52.14971673404321,11.556559430228715,92.24600745395514
816,Produto D,Filial Leste,2025-03-20,17,79.61974676783984,6.157482505487348,1270.1919714248452
817,Produto A,Filial Leste,2025-02-21,4,21.10607336850368,9.544001588359226,76.3668375638937
818,Produto A,Filial Oeste,2025-01-27,14,66.36901164905757,15.861260567413119,781.7886968553729
819,Produto E,Filial Leste,2025-02-19,10,35.062365603479705,19.624831949109243,281.81435276414527
820,Produto D,Filial Leste,2025-03-20,3,86.76837957975323,18.649778471796036,211.75880701368644
821,Produto A,Filial Sul,2025-01-23,3,93.55451550726767,18.677318856924977,228.2431210227719
822,Produto D,Filial Leste,2025-03-29,15,99.67584643111499,8.044474696942247,1374.861722790014
823,Produto B,Filial Sul,2025-02-13,6,81.6406662184555,9.37579761013582,443.9172155174795
824,Produto C,Filial Sul,2025-03-18,17,77.83606633852041,14.112707927379631,1136.4719237780607
825,Produto A,Filial Sul,2025-01-22,12,29.395068298079593,18.443838561025686,287.68187227534264
826,Produto E,Filial Sul,2025-02-12,11,40.24063530910979,2.839885187041693,430.07632214574403
827,Produto B,Filial Norte,2025-02-06,4,51.911428758605155,6.084837276543915,195.01081116286002
828,Produto D,Filial Oeste,2025-03-02,6,79.60429430040247,2.7849368918821904,464.32418964544854
829,Produto B,Filial Norte,2025-02-25,1,92.34692785701718,12.240170599189106,81.04350634420818
830,Produto A,Filial Leste,2025-01-03,16,27.022519002068616,6.126019937750751,405.87382560511054
831,Produto D,Filial Norte,2025-03-04,15,93.01307362030926,6.522157050251469,1304.1992232229
832,Produto C,Filial Norte,2025-01-19,17,72.60621871186522,1.4183191897595848,1216.7993232415724
833,Produto B,Filial Leste,2025-01-23,8,64.96936576165348,6.995921236151839,483.3932808427264
834,Produto A,Filial Leste,2025-01-29,12,27.985714415374556,17.24993014803171,277.89837872753765
835,Produto E,Filial Leste,2025-01-30,10,14.99725295282355,4.661456237816699,142.98162569553008
836,Produto D,Filial Norte,2025-02-08,15,61.161840865714595,13.903749324201314,789.8707774451808
837,Produto B,Filial Norte,2025-01-25,9,68.63641149960031,12.592566898771853,539.9399291813712
838,Produto B,Filial Leste,2025-01-08,2,28.97033044192194,17.269692167382306,47.93448710945716
839,Produto C,Filial Oeste,2025-02-27,5,60.08105852429107,2.645758953020765,292.457292696575
840,Produto C,Filial Oeste,2025-01-16,6,87.08440624863162,19.551799206900863,420.347027990264
841,Produto E,Filial Sul,2025-03-13,7,85.1559350909518,11.652572920807312,526.6315436065831
842,Produto E,Filial Leste,2025-01-01,1,93.46196625276674,19.909483046936288,74.85417192633882
843,Produto A,Filial Sul,2025-01-05,7,42.92972286011924,18.230294517317017,245.72455563076076
844,Produto A,Filial Oeste,2025-01-03,12,38.62446152958268,4.430345442262116,442.9591735033024
845,Produto E,Filial Sul,2025-03-06,16,77.44834053827277,1.123240198066262,1225.2545543137862
846,Produto E,Filial Leste,2025-01-04,16,48.80011645873045,5.112781875907231,740.8811671841097
847,Produto D,Filial Leste,2025-03-05,11,17.879379762500257,10.551272979988397,175.9216535629306
848,Produto C,Filial Leste,2025-03-30,4,35.45210176034497,3.4319273413038,136.9416455478594
849,Produto A,Filial Norte,2025-01-10,13,47.67240569783402,3.34919489035977,598.9849309871776
850,Produto C,Filial Sul,2025-01-21,7,36.32647829286268,9.251870942103062,230.7591958237716
851,Produto C,Filial Oeste,2025-02-15,4,39.898501385258946,0.6653594233871685,158.53213178600745
852,Produto E,Filial Oeste,2025-01-27,15,36.439831555695164,2.437761650645409,533.2727297470597
853,Produto D,Filial Oeste,2025-03-07,19,13.73492504647715,8.317226788158951,239.258643442382
854,Produto B,Filial Norte,2025-02-10,9,67.33852307419983,1.2625981841593292,598.3947729416275
855,Produto D,Filial Norte,2025-01-13,11,63.75631783181224,7.935101129110587,645.6690848922684
856,Produto D,Filial Leste,2025-01-09,8,68.80451486308125,9.480125318968902,498.25408503162055
857,Produto C,Filial Oeste,2025-02-05,1,27.30789064302647,9.025332281462289,24.843262773434983
858,Produto D,Filial Norte,2025-03-27,8,36.60890874512367,17.383497148061746,241.96000109982856
859,Produto A,Filial Leste,2025-03-31,13,65.765433425043,10.601249101034648,764.3151880686282
860,Produto C,Filial Oeste,2025-02-27,4,63.96648116139293,9.359609249560867,231.91787389597036
861,Produto A,Filial Sul,2025-02-23,8,55.5697278418841,8.214184907833324,408.04102115337605
862,Produto B,Filial Leste,2025-01-12,3,41.53719250091777,16.35246756608972,104.23450970802281
863,Produto C,Filial Norte,2025-03-22,9,92.1637904297221,17.901132079996664,680.988857174696
864,Produto B,Filial Norte,2025-03-19,2,40.57932180689594,17.064849383942352,67.30904331904775
865,Produto C,Filial Leste,2025-01-14,2,51.005724079352646,13.470931562627817,88.26955579120055
866,Produto E,Filial Leste,2025-02-03,13,71.03024478587878,2.7472349193734846,898.0254022714604
867,Produto D,Filial Norte,2025-02-22,15,58.87192877800877,5.537399389840245,834.179324296022
868,Produto E,Filial Sul,2025-01-20,12,41.219737872794695,0.9212612736395487,490.0799566881228
869,Produto B,Filial Oeste,2025-03-16,4,49.20803114108588,18.616481499802283,160.18890850915474
870,Produto D,Filial Sul,2025-01-16,8,81.50327360681555,13.215970593818207,565.854599471517
871,Produto C,Filial Leste,2025-03-11,9,35.03162399379512,14.92725768626483,268.2212688770215
872,Produto D,Filial Sul,2025-02-25,5,22.80297157991339,6.231434791644579,106.91009637676922
873,Produto A,Filial Norte,2025-03-24,18,38.18468816467994,16.913070445546847,571.0767292075542
874,Produto D,Filial Leste,2025-02-27,11,86.45807939391112,5.19206567416957,901.6603104426895
875,Produto A,Filial Oeste,2025-01-04,15,18.009074337071198,0.03287514224899368,270.04730742397743
876,Produto D,Filial Norte,2025-01-04,9,99.25264660352066,7.528299250413879,826.025493179267
877,Produto A,Filial Norte,2025-01-20,17,58.69026090348962,11.415229619181469,883.8407585734132
878,Produto B,Filial Oeste,2025-01-10,12,98.63611695703847,9.574097159310451,1070.311191424806
879,Produto E,Filial Oeste,2025-01-24,7,94.50967798773797,17.24152285153194,547.5033918240101
880,Produto C,Filial Sul,2025-01-26,10,50.75323427898251,2.1081057191233388,496.8330244450721
881,Produto D,Filial Leste,2025-02-06,10,27.86419671448142,11.076468812674511,247.7782765549961
882,Produto E,Filial Oeste,2025-03-26,13,24.83962989086246,10.259586996418149,289.7854238840749
883,Produto C,Filial Oeste,2025-02-23,19,31.599042748296174,5.62785964344326,566.5931665012581
884,Produto C,Filial Leste,2025-01-21,11,73.91193765080835,16.444562251540212,679.3318735775175
885,Produto A,Filial Oeste,2025-03-15,13,34.56549952583391,15.056973117644127,381.692760205246
886,Produto B,Filial Oeste,2025-02-07,8,40.72827426438685,14.657183746636619,278.06925014897246
887,Produto B,Filial Sul,2025-02-15,8,50.39009235951533,17.52384956539112,332.4784670285777
888,Produto E,Filial Norte,2025-01-04,4,92.19094123793107,14.455692012430424,315.4564108368602
889,Produto B,Filial Norte,2025-03-01,15,27.045407609636147,4.6368258342945285,386.8703874390342
890,Produto D,Filial Norte,2025-02-26,11,10.45238973488228,14.111254232993822,98.75169090566662
891,Produto B,Filial Norte,2025-02-14,11,15.408676934035313,6.154056267796877,159.06460113930913
892,Produto E,Filial Oeste,2025-01-20,1,91.42897075121061,4.84349300694941,87.0006149465499
893,Produto B,Filial Leste,2025-01-17,17,68.27648183590267,1.4600718579925465,1143.7531343628173
894,Produto D,Filial Leste,2025-03-12,15,34.57365573950261,14.880571606953534,441.43347210066497
895,Produto A,Filial Sul,2025-01-04,6,25.9473250910072,14.220019238996224,133.54566282636648
896,Produto E,Filial Sul,2025-01-14,15,36.48400629734029,4.689989553481874,521.5936531995503
897,Produto A,Filial Oeste,2025-01-03,9,20.331723452615208,14.98758033448312,155.56041060092605
898,Produto A,Filial Leste,2025-03-29,14,94.73796192559969,18.356817661871062,1082.8592179768234
899,Produto A,Filial Leste,2025-03-21,18,80.57855569287402,2.160579149831585,1419.0766599480903
900,Produto C,Filial Norte,2025-02-27,17,51.615205922128666,4.652732767735499,836.6327014919457
901,Produto C,Filial Oeste,2025-02-24,18,87.84663446036818,15.00521588174631,1343.971031665345
902,Produto A,Filial Oeste,2025-01-04,5,32.451238386390905,5.490133470141565,153.34811043132115
903,Produto E,Filial Norte,2025-01-24,9,74.54085116249742,12.493279485674336,587.0542886618948
904,Produto D,Filial Oeste,2025-02-03,11,87.05192491123691,1.6232844892742904,942.0270696819191
905,Produto D,Filial Oeste,2025-01-30,1,42.10918404609453,9.044049582070775,38.3008085623603
906,Produto B,Filial Sul,2025-03-23,18,78.17180009056459,14.781828439859062,1199.0984168308992
907,Produto E,Filial Leste,2025-01-19,6,36.55651143378785,13.73027886086505,189.22320283274854
908,Produto C,Filial Oeste,2025-01-31,2,36.89714217331277,16.301442013516137,61.76475187457117
909,Produto A,Filial Sul,2025-03-01,15,19.635146069876747,17.54904253206338,242.8404890226196
910,Produto B,Filial Leste,2025-03-01,14,49.605224185845884,15.463670025175166,587.082104034976
911,Produto D,Filial Norte,2025-01-19,5,75.674071584768,13.43175485877852,327.54857898922694
912,Produto C,Filial Sul,2025-02-18,6,94.61987250141564,0.634449836320623,564.1173412512217
913,Produto C,Filial Sul,2025-03-04,6,64.34172927361865,10.69933346818888,344.7455585966094
914,Produto A,Filial Leste,2025-03-24,18,87.6821983962165,0.7539544982970559,1566.3800613096448
915,Produto D,Filial Norte,2025-01-22,14,84.02451843612043,16.161356342320452,986.2302323543637
916,Produto E,Filial Sul,2025-01-24,10,25.600874767775277,6.414490489199151,239.58709090644544
917,Produto C,Filial Oeste,2025-03-17,14,53.72356860213683,11.248587482358419,667.5259638499288
918,Produto A,Filial Oeste,2025-01-30,13,20.523118197285232,5.5889061463780525,251.88930497807343
919,Produto E,Filial Oeste,2025-02-27,3,71.39378454054714,15.650002887605872,180.66196559514123
920,Produto D,Filial Norte,2025-01-31,6,95.49097014214684,17.73005053283805,471.3622372898815
921,Produto C,Filial Sul,2025-03-05,8,22.338051227088087,7.972849884261279,164.45657548546376
922,Produto E,Filial Oeste,2025-01-19,12,76.04948177222872,17.25844787021978,755.0942592599561
923,Produto E,Filial Norte,2025-02-17,13,66.90143357810749,5.341500149126648,823.2626142489452
924,Produto E,Filial Oeste,2025-02-14,11,62.524453330728974,10.693218461510476,614.2243463862986
925,Produto C,Filial Leste,2025-02-24,12,45.11082112195053,17.17522859677408,448.35521366848417
926,Produto C,Filial Sul,2025-02-24,1,41.96184829784313,6.517626852315807,39.22693160545489
927,Produto B,Filial Sul,2025-01-18,17,14.072427011699908,19.080845301561716,193.5839127181785
928,Produto D,Filial Norte,2025-03-04,16,29.61178374268121,2.4375900356276725,462.239517644768
929,Produto A,Filial Norte,2025-02-16,11,11.36591940581442,0.36550139447012464,124.56814493080999
930,Produto E,Filial Sul,2025-03-16,13,62.327539502381846,18.082707051563812,663.7414305823396
931,Produto B,Filial Oeste,2025-02-26,18,19.526791229011796,1.3729733229574448,346.6564847029416
932,Produto A,Filial Oeste,2025-02-14,11,88.57174546267444,19.837783918949835,781.0118138300152
933,Produto B,Filial Leste,2025-02-02,12,57.082871862744874,19.027937239582123,554.6541459618084
934,Produto C,Filial Oeste,2025-01-17,6,72.97209181528376,2.7404182007264133,425.8341079783616
935,Produto E,Filial Norte,2025-03-11,9,46.97713826564468,10.751692513851317,377.336707267642
936,Produto A,Filial Norte,2025-01-04,16,60.45218281009438,3.6984059493428867,931.4626509526114
937,Produto A,Filial Oeste,2025-01-20,4,94.83932592699675,8.563103460602397,346.8725453061204
938,Produto A,Filial Norte,2025-02-16,3,17.44606356613037,1.2285025851966536,51.69521467261622
939,Produto A,Filial Sul,2025-01-15,16,32.85439947313265,4.47849175593179,502.1282864202801
940,Produto A,Filial Sul,2025-03-11,12,80.19894942194898,7.265455927977991,892.465561163951
941,Produto B,Filial Oeste,2025-02-16,11,18.88634861943993,8.772950004921096,189.52404567031493
942,Produto E,Filial Sul,2025-03-19,5,16.809499351369976,19.549925164177864,67.61627403852091
943,Produto C,Filial Sul,2025-03-16,18,42.53872588786347,16.157312913679625,641.9809950600408
944,Produto C,Filial Leste,2025-01-09,19,18.29511626251891,14.748198886238924,296.3414064634256
945,Produto C,Filial Leste,2025-03-31,6,62.65705979855828,10.740826294839485,335.5630430648486
946,Produto C,Filial Sul,2025-01-16,18,30.364772573493983,16.799955212086868,454.7430788561092
947,Produto B,Filial Oeste,2025-03-10,6,90.6128166879435,6.786456713114221,506.7805026412961
948,Produto D,Filial Leste,2025-03-02,4,80.5150072760731,14.177982255466322,276.3984153259362
949,Produto E,Filial Norte,2025-01-10,12,72.97346854895287,19.87567950756344,701.6339497753247
950,Produto A,Filial Norte,2025-02-19,19,65.52496246460518,6.292578178703976,1166.6333065241158
951,Produto D,Filial Norte,2025-01-03,2,87.7119157307317,13.480350697679347,151.77608377315218
952,Produto C,Filial Oeste,2025-03-18,17,30.07558553884812,16.88629728304765,424.947856837396
953,Produto D,Filial Sul,2025-03-11,11,88.57979584878049,18.316151667013443,795.9092470426567
954,Produto E,Filial Norte,2025-03-22,11,81.05430685816471,14.358653818802036,763.5759948428845
955,Produto A,Filial Oeste,2025-02-20,16,77.3344743748917,5.672158468342725,1167.1670470030072
956,Produto A,Filial Leste,2025-01-19,2,60.513011026743165,6.525643031378929,113.12829587919788
957,Produto E,Filial Sul,2025-02-11,2,32.16197448735401,0.4151606424792842,64.05690125487658
958,Produto E,Filial Leste,2025-02-04,8,48.11931243927067,15.217719553430193,326.37320336978894
959,Produto C,Filial Oeste,2025-02-15,13,81.42135890849214,0.8547921212390275,1049.429882117976
960,Produto A,Filial Norte,2025-01-26,10,12.8600635921592,17.293047092054913,106.36166739098903
961,Produto D,Filial Norte,2025-03-10,8,80.38456923373825,2.373212289490776,627.8149820626315
962,Produto B,Filial Oeste,2025-03-05,4,31.606366643880985,3.437530242718485,122.07955292749234
963,Produto B,Filial Norte,2025-02-06,15,22.987828064944274,9.530529416644747,311.95449523450566
964,Produto E,Filial Sul,2025-03-25,1,20.413118636227196,14.757608303374848,17.40063054538957
965,Produto C,Filial Oeste,2025-02-18,11,12.452501075573359,2.7800441039815538,133.16947658986007
966,Produto B,Filial Leste,2025-01-21,7,57.12278366993076,8.801421501329969,364.6661669409309
967,Produto A,Filial Oeste,2025-03-15,17,29.643388542435652,9.657025488202095,455.27222224053963
968,Produto E,Filial Sul,2025-03-05,18,99.04885892016684,4.245712833371826,1707.1835185023292
969,Produto D,Filial Sul,2025-01-05,12,61.69930802849852,2.3111675336126347,723.2800038345624
970,Produto E,Filial Oeste,2025-03-11,9,22.409674242040936,16.728418459712792,167.9480114343647
971,Produto D,Filial Oeste,2025-03-31,5,71.98862867302287,10.04931299525531,323.77133028339347
972,Produto E,Filial Norte,2025-01-04,10,90.79692098587527,0.28762471968305947,905.357665964088
973,Produto E,Filial Sul,2025-02-08,4,77.06615458326529,16.059626026182077,258.75847345773406
974,Produto E,Filial Oeste,2025-02-04,5,16.87958749355029,19.615876108291697,67.84254261612382
975,Produto D,Filial Oeste,2025-01-01,10,90.62957630733936,12.118523908284946,796.4660943455709
976,Produto D,Filial Sul,2025-01-24,11,81.45364472739683,10.074167741681414,805.726547184302
977,Produto E,Filial Oeste,2025-02-26,10,24.24735100950529,17.568317260899235,199.87499456791548
978,Produto B,Filial Norte,2025-03-11,8,14.660729985953518,19.05033579369197,94.94249355058307
979,Produto C,Filial Sul,2025-02-10,2,60.15795177828777,15.09073831804921,102.15934539585625
980,Produto C,Filial Norte,2025-02-23,8,24.04322302059792,8.909058594685757,175.20958554913503
981,Produto C,Filial Norte,2025-02-15,16,85.11318573357448,11.844427986628808,1200.51225187577
982,Produto D,Filial Norte,2025-03-01,5,42.25011910045064,14.018707300359985,181.63599284852486
983,Produto D,Filial Norte,2025-03-01,3,92.16032002629179,3.8854714200360285,265.7383713931694
984,Produto B,Filial Sul,2025-02-26,12,60.91193549269052,8.944020644328761,665.5675128883686
985,Produto C,Filial Norte,2025-01-31,13,26.44051458157013,16.5964252943457,286.68034631079047
986,Produto C,Filial Norte,2025-03-25,13,22.56389806238201,13.09450696996886,254.9204691527875
987,Produto E,Filial Oeste,2025-01-24,10,61.88251938019785,8.224081344237081,567.932506485071
988,Produto D,Filial Sul,2025-03-30,4,78.56952506761995,13.267250680293628,272.5820368743307
989,Produto C,Filial Sul,2025-02-05,9,80.33550829679639,2.3644482414491974,705.9241510525217
990,Produto B,Filial Leste,2025-03-26,2,34.81816639971531,8.029952211297527,64.04456855393623
991,Produto B,Filial Sul,2025-01-30,19,28.382208302095073,15.862570759261128,453.7211481155527
992,Produto C,Filial Sul,2025-01-24,1,11.508067404314417,4.41017574273296,11.000541407191985
993,Produto D,Filial Leste,2025-01-30,7,71.12792360810525,3.719230151148354,479.3775869917078
994,Produto B,Filial Sul,2025-03-27,17,16.89114325901851,19.01637319832863,232.54402713012675
995,Produto E,Filial Sul,2025-01-07,3,47.868508158933324,4.197952591724614,137.57703264016644
996,Produto B,Filial Sul,2025-02-04,3,64.15139476164666,5.218371593003361,182.41120980266834
997,Produto A,Filial Sul,2025-02-24,3,94.33980504277093,19.39231877808676,228.13538794275368
998,Produto A,Filial Leste,2025-01-14,17,38.06219232601918,14.694171405300514,551.9775652653193
999,Produto D,Filial Sul,2025-01-10,7,32.479494620186784,13.991930660470564,195.54490377841287
1000,Produto C,Filial Sul,2025-03-21,14,68.87441388574885,17.058527677091625,799.7563410285925
